Client_ID,Sector,Region,Project_Type,Subscription_Type,Contract_Value,Monthly_Revenue,Total_Revenue,Employee_Hours,Hourly_Rate,Operational_Cost,Support_Tickets,Escalations,Client_Tenure_Months,Satisfaction_Score,Renewal_Status,Discount_Offered,Payment_Delay_Days,Resource_Count,Project_Duration_Days
1,Finance,West,Consulting,Basic,387501,28501,188447,129,1711,128017,46,8,36,1.43,No,13,37,1,346
2,Manufacturing,West,Support,Standard,252440,26113,521693,56,729,129496,47,6,51,1.82,Yes,10,54,9,140
3,IT,West,Consulting,Standard,128356,39441,65695,116,688,67089,15,4,9,1.59,No,28,27,1,363
4,Manufacturing,West,Support,Standard,328355,29690,238296,117,1938,157680,1,1,48,4.19,Yes,1,73,9,280
5,Manufacturing,West,Consulting,Basic,417570,48939,426645,18,509,138713,16,0,59,1.25,Yes,21,85,1,162
6,Healthcare,South,Consulting,Standard,317986,34345,382554,88,1637,26619,31,1,36,3.75,Yes,13,80,2,129
7,IT,West,Implementation,Basic,378996,49571,425898,164,1599,88006,42,0,38,2.47,No,23,21,2,201
8,IT,South,Support,Premium,437881,31829,413039,24,1175,24779,7,2,40,4.02,No,23,42,6,316
9,IT,West,Implementation,Basic,358112,40062,372849,28,1001,192112,2,5,59,4.86,Yes,26,82,7,148
10,Manufacturing,East,Support,Premium,329652,8630,252994,99,584,197397,11,7,29,1.46,Yes,6,80,1,204
11,Finance,North,Consulting,Basic,203077,36870,437844,189,548,31630,19,2,24,2.26,No,25,87,3,59
12,IT,South,Consulting,Premium,104575,49942,61881,35,1337,115575,15,9,48,4.24,Yes,10,35,2,84
13,Manufacturing,West,Support,Standard,200043,8453,369509,163,1507,125436,13,8,5,2.06,No,3,51,8,225
14,Healthcare,East,Implementation,Premium,468815,42275,581144,163,1188,153250,15,9,53,1.86,Yes,6,35,9,70
15,Finance,North,Implementation,Standard,116914,48370,139211,183,886,161007,48,4,54,4.3,No,28,27,2,202
16,Healthcare,South,Implementation,Standard,299134,43396,216078,101,1469,188330,42,6,42,4.95,Yes,15,77,2,359
17,Finance,North,Implementation,Premium,117055,13328,363342,186,1912,32784,48,7,55,3.23,No,25,57,9,248
18,Manufacturing,East,Consulting,Basic,137697,20534,485659,91,1505,164099,32,2,45,2.11,Yes,5,35,4,237
19,Retail,South,Consulting,Basic,156239,24744,287203,190,717,198925,29,1,26,2.59,No,26,69,5,187
20,Finance,North,Consulting,Basic,285469,24389,99553,140,1504,122167,11,1,14,1.68,No,5,8,9,362
21,Healthcare,West,Consulting,Basic,173106,41320,567353,51,1869,77359,14,4,39,4.05,No,1,20,6,257
22,Manufacturing,South,Consulting,Basic,317499,40010,458138,28,1753,88608,17,0,29,4.09,No,23,63,9,114
23,Finance,North,Implementation,Standard,366264,19665,92766,26,754,25111,27,1,52,4.5,Yes,7,75,9,202
24,Retail,East,Implementation,Basic,350486,42865,334349,170,735,173384,22,8,6,1.11,No,29,60,7,274
25,Retail,East,Implementation,Standard,52257,13640,539806,85,1549,34161,13,6,7,3.25,No,26,39,9,202
26,IT,South,Implementation,Standard,339508,39716,214599,186,1784,128920,29,5,37,1.86,Yes,6,55,5,364
27,IT,North,Consulting,Standard,206044,30521,471659,193,770,114823,32,8,53,2.36,No,26,3,5,241
28,Healthcare,South,Consulting,Premium,161715,35049,469740,72,622,135014,44,6,18,4.14,Yes,24,30,8,113
29,Finance,South,Consulting,Premium,76654,10618,438621,140,1155,140466,14,4,23,1.77,No,23,26,4,202
30,Finance,North,Support,Standard,261841,42004,88202,116,1780,77313,6,8,44,3.55,No,13,57,9,212
31,IT,North,Implementation,Premium,393567,6920,499358,58,1944,191446,14,5,38,3.62,No,8,24,7,162
32,Finance,West,Implementation,Basic,341464,48937,80855,64,758,165086,41,5,59,4.82,No,14,68,7,317
33,Finance,North,Consulting,Basic,70808,9188,536963,163,1447,90308,45,3,1,4.1,No,24,69,3,291
34,Retail,East,Implementation,Standard,102389,17207,371385,108,546,56389,37,0,4,4.21,No,21,4,4,311
35,IT,South,Implementation,Basic,168581,5238,521595,61,1362,159233,45,4,51,3.13,Yes,17,7,7,322
36,Manufacturing,South,Consulting,Standard,177927,37972,154837,109,1024,117800,43,8,44,1.75,Yes,11,8,5,298
37,IT,East,Support,Standard,84773,15799,283068,126,1387,148562,10,7,47,2.7,No,22,14,3,226
38,Manufacturing,North,Support,Basic,232240,10552,416427,127,707,129547,28,7,35,3.2,No,18,6,1,54
39,Retail,East,Support,Premium,470963,33916,183805,16,1834,34502,30,4,23,3.71,Yes,12,71,7,170
40,Healthcare,East,Consulting,Basic,388540,9927,175657,55,1246,45757,24,8,27,3.43,Yes,6,14,6,252
41,Finance,West,Implementation,Basic,419836,32964,164428,55,648,51111,23,2,26,2.58,No,24,36,7,49
42,Retail,East,Consulting,Standard,264764,16164,182035,109,937,108273,18,2,52,2.06,No,9,82,2,276
43,Finance,South,Consulting,Standard,107505,42158,505563,153,654,68645,1,0,8,1.67,No,29,38,4,357
44,Healthcare,East,Implementation,Standard,398040,24071,290780,161,1613,120218,21,8,43,3.78,No,9,5,2,230
45,Healthcare,South,Support,Standard,68135,11160,129518,198,857,69055,19,5,16,3.58,No,1,82,8,144
46,Retail,South,Support,Premium,140887,20810,236355,63,1697,129815,32,1,41,3.75,No,13,56,7,218
47,Healthcare,South,Consulting,Premium,172118,10126,180243,71,1740,150070,7,7,3,2.49,Yes,12,80,1,55
48,Manufacturing,North,Support,Premium,359521,35009,456308,138,955,169978,24,8,32,2.05,No,21,18,2,83
49,Healthcare,West,Consulting,Standard,204626,38584,113311,58,1275,111026,45,8,5,4.04,No,28,62,2,199
50,Finance,South,Consulting,Standard,374635,30396,82692,34,1128,80192,8,1,20,4.09,Yes,5,30,4,40
51,Finance,South,Implementation,Standard,498837,5192,452179,19,1722,191549,33,1,14,2.82,Yes,8,74,3,56
52,Finance,North,Implementation,Premium,295739,41413,281468,127,1331,177973,22,6,32,3.45,Yes,12,78,1,112
53,Finance,South,Implementation,Standard,370427,17816,401651,153,985,62021,4,3,26,2.49,Yes,8,9,2,319
54,Manufacturing,East,Consulting,Basic,329067,44082,140152,195,1032,39092,24,0,47,3.81,No,12,86,9,67
55,IT,East,Implementation,Basic,359735,37130,523685,166,699,142314,7,7,6,4.34,Yes,4,66,1,116
56,Retail,West,Support,Standard,112261,45142,589214,101,870,116843,15,1,59,3.75,Yes,13,61,9,350
57,Finance,South,Support,Basic,366480,41468,63969,143,1513,142903,47,2,58,3.05,No,4,2,7,185
58,Healthcare,North,Consulting,Basic,386227,35698,95733,153,1352,60721,44,4,36,2.83,Yes,8,17,2,337
59,Finance,East,Consulting,Premium,110948,15655,391999,157,1971,38511,14,2,40,3.57,Yes,7,24,2,315
60,Healthcare,North,Implementation,Standard,290891,35075,101743,89,747,82782,0,6,51,3.72,No,6,19,5,215
61,Healthcare,North,Consulting,Standard,214074,14359,230948,80,1287,107003,21,6,59,3.23,No,7,57,5,211
62,Finance,East,Consulting,Premium,338816,41661,80323,87,763,159374,2,1,5,3.5,No,21,85,4,172
63,Manufacturing,North,Support,Basic,316357,44579,583293,52,1581,65568,37,6,13,1.39,No,2,49,3,235
64,Healthcare,East,Support,Basic,191365,47056,338572,163,1825,144304,13,5,32,4.81,No,22,78,4,171
65,Healthcare,North,Implementation,Standard,499076,38272,561793,99,530,112062,35,9,16,4.16,No,23,9,4,214
66,Finance,East,Consulting,Basic,112507,47581,386284,87,1772,114301,17,8,1,2.5,No,14,20,2,270
67,Healthcare,South,Consulting,Premium,107134,19671,328508,170,1104,61507,46,8,13,3.25,Yes,7,28,5,37
68,Healthcare,West,Support,Premium,183172,32048,451011,35,1794,134277,40,1,54,1.19,Yes,0,9,5,101
69,Finance,East,Consulting,Standard,291225,15738,488565,130,1917,139999,17,6,11,1.16,No,6,12,5,317
70,Finance,East,Support,Premium,243069,30963,236968,54,1001,110128,2,4,53,2,Yes,18,46,1,124
71,Retail,West,Implementation,Premium,340316,48954,117062,72,1607,20683,9,5,8,3.76,No,1,22,6,186
72,Manufacturing,East,Support,Standard,332276,11773,288338,189,1888,33664,48,0,25,4.41,Yes,13,49,2,70
73,Manufacturing,East,Consulting,Premium,298933,41584,287909,77,1385,112364,38,6,40,3.24,No,17,86,7,360
74,Healthcare,North,Implementation,Premium,330343,34894,566995,163,1048,174244,46,5,32,3.13,Yes,29,3,4,330
75,Manufacturing,West,Support,Premium,86609,5717,148302,11,1865,74340,0,3,24,2.61,No,14,66,5,298
76,Healthcare,South,Support,Basic,224037,16676,587409,151,1338,97236,26,0,28,1.65,Yes,13,84,5,184
77,Retail,East,Implementation,Standard,189088,9434,143793,117,1930,21017,26,8,14,1.47,No,23,52,5,304
78,Finance,West,Implementation,Standard,482995,42825,347635,39,1948,46613,10,3,45,4.04,Yes,24,1,2,183
79,Finance,North,Support,Standard,344025,34100,588036,58,1616,40348,48,1,3,4.71,Yes,18,67,5,82
80,Finance,South,Consulting,Basic,263666,9994,176547,149,1347,157520,4,7,36,2.83,No,29,64,3,208
81,Manufacturing,West,Support,Basic,336616,9234,104331,53,1113,19491,6,1,27,3.64,Yes,18,78,4,269
82,Retail,South,Implementation,Standard,232885,8764,457891,170,911,131070,18,4,20,4.66,Yes,21,56,2,166
83,Manufacturing,South,Support,Basic,281440,48949,560201,22,931,68759,28,5,47,1.36,Yes,26,69,4,284
84,Manufacturing,South,Implementation,Standard,307803,42405,562237,87,1177,185625,14,7,15,4.08,Yes,25,6,9,253
85,Retail,East,Implementation,Basic,217093,39872,70068,135,658,142040,34,0,27,3.47,Yes,16,18,8,209
86,Retail,East,Consulting,Premium,366275,47215,348350,107,513,10368,46,0,53,3.39,No,21,43,3,211
87,Retail,North,Implementation,Premium,205159,28185,82337,35,872,45010,36,3,45,2.17,No,27,62,1,288
88,Retail,North,Implementation,Standard,62828,48442,211738,158,724,195226,11,4,41,3.74,Yes,18,64,1,272
89,Finance,West,Consulting,Basic,408808,46153,307667,165,1596,45851,29,8,28,4.18,No,26,38,6,125
90,IT,North,Implementation,Basic,182473,16999,574241,57,1772,132761,19,6,25,1.45,Yes,15,82,3,226
91,IT,South,Consulting,Premium,327337,41487,412215,177,1010,166568,36,6,42,3.13,No,19,25,4,43
92,Retail,South,Consulting,Premium,273461,7581,158064,75,1102,137152,2,7,44,1.41,Yes,24,43,1,149
93,IT,East,Implementation,Basic,488080,7763,428655,96,715,172008,8,4,46,4.49,Yes,18,11,8,298
94,IT,South,Implementation,Basic,463523,32374,542605,88,1487,88858,40,4,33,3.03,Yes,0,21,1,200
95,Retail,West,Support,Basic,414662,43759,467974,32,1743,77005,38,0,46,4.23,Yes,18,76,5,101
96,IT,South,Consulting,Basic,331755,15531,518996,90,1339,47493,25,8,14,2.47,No,6,13,6,208
97,Manufacturing,South,Support,Basic,224863,30307,587466,57,1226,177462,1,5,8,1.5,No,28,85,2,199
98,Healthcare,West,Implementation,Basic,455166,35835,193248,133,1744,20292,22,8,48,1.17,No,22,29,7,188
99,Healthcare,North,Support,Standard,388384,16064,163306,139,1912,102377,22,2,14,2.13,Yes,10,43,7,183
100,Retail,North,Consulting,Basic,289719,16312,224726,93,1053,169437,20,4,1,1.98,No,4,83,1,111
101,Finance,West,Support,Premium,258475,42548,434169,29,1565,158279,15,1,16,3.24,No,29,37,4,86
102,Retail,East,Consulting,Standard,314889,41945,150417,196,1175,111735,8,9,18,1.09,Yes,16,58,4,36
103,Finance,South,Implementation,Basic,367387,11476,488638,55,1372,32912,12,4,7,3.08,Yes,10,41,5,141
104,Healthcare,West,Implementation,Premium,316010,29565,71984,140,782,90771,27,7,15,2.57,Yes,23,51,1,77
105,Retail,South,Consulting,Standard,213317,7382,149312,192,1581,197644,26,1,24,3.31,No,25,62,1,109
106,Manufacturing,East,Implementation,Premium,487940,27463,252458,21,1333,117293,16,7,49,3.81,No,7,60,7,345
107,IT,South,Implementation,Basic,440825,38402,143291,49,1036,109083,37,3,51,3.54,Yes,9,33,9,62
108,Finance,West,Implementation,Basic,121354,31345,584608,75,1596,123655,35,9,55,4.94,No,11,38,1,144
109,IT,South,Implementation,Basic,101374,49764,547387,109,1422,160348,0,9,13,1.55,Yes,9,40,2,32
110,IT,North,Consulting,Basic,164397,31946,475105,87,1652,107459,17,0,9,2.72,No,12,36,6,33
111,Retail,East,Support,Standard,298552,19162,420215,25,1341,146606,8,4,56,2.7,Yes,25,64,6,289
112,IT,East,Support,Standard,436721,13397,315083,92,1949,176742,12,0,56,2.67,No,17,78,2,71
113,Manufacturing,East,Implementation,Premium,473332,27335,101777,171,1447,121695,39,6,15,3.66,No,9,31,9,38
114,IT,West,Support,Basic,393173,19394,106250,53,1164,177558,44,7,57,2.96,No,18,7,4,336
115,Retail,East,Support,Premium,405718,32197,362274,143,1648,44268,14,2,58,3.07,Yes,19,17,7,174
116,Manufacturing,North,Implementation,Standard,463663,27010,535147,109,566,117338,42,2,35,2.73,Yes,16,44,6,126
117,Healthcare,West,Implementation,Basic,342575,29123,75216,31,505,36336,43,6,24,4.97,Yes,19,32,3,305
118,IT,North,Support,Basic,461124,27387,406293,27,1136,13641,45,3,33,4.71,No,15,4,8,171
119,Retail,South,Consulting,Standard,79336,7890,587297,21,813,97132,3,2,16,2.23,Yes,4,81,7,307
120,Healthcare,South,Implementation,Standard,353136,32769,205281,189,1849,42959,32,7,8,1.45,No,2,73,9,56
121,Healthcare,South,Consulting,Standard,105350,48626,599317,132,1064,154378,23,2,29,4.36,Yes,29,35,3,72
122,Finance,South,Support,Standard,119561,13026,520829,126,1325,187254,35,6,23,4.99,Yes,26,22,1,160
123,Manufacturing,North,Implementation,Standard,364099,8306,248069,60,1005,84123,40,1,45,2.17,No,14,39,2,245
124,IT,West,Consulting,Basic,111240,38665,424315,80,1605,197398,9,0,31,2.43,No,25,4,1,123
125,Retail,West,Implementation,Standard,201165,14277,174456,57,1525,31498,35,5,40,4.77,Yes,1,33,5,37
126,Finance,East,Support,Basic,449371,47239,384703,28,703,80198,19,7,49,3.84,Yes,12,23,2,115
127,Manufacturing,North,Consulting,Basic,96607,19683,442688,15,1161,37197,40,0,54,2.18,No,21,16,3,167
128,Finance,South,Support,Standard,476703,5670,429484,93,1304,161791,44,9,55,3.32,No,7,70,8,275
129,Manufacturing,North,Support,Standard,236740,28675,93783,164,903,118775,43,8,14,4.78,Yes,22,80,5,50
130,Manufacturing,East,Implementation,Basic,464179,22889,94152,62,1626,35032,10,2,59,4.25,No,26,21,4,294
131,IT,East,Consulting,Standard,231196,49535,504718,116,1035,69624,11,2,53,3.97,Yes,29,14,5,177
132,Manufacturing,North,Support,Standard,365014,18006,208725,110,1891,88177,17,3,30,3.95,Yes,16,14,6,213
133,Finance,North,Support,Standard,499763,31531,551215,57,1735,51964,29,0,53,1.71,Yes,3,24,7,256
134,Manufacturing,North,Consulting,Premium,114110,26639,231541,144,1076,171100,43,8,39,4.3,No,18,52,9,321
135,IT,West,Support,Basic,234626,21633,408627,196,1732,121030,47,2,27,2.1,Yes,21,20,1,65
136,IT,South,Support,Premium,202008,39660,381898,78,1262,64646,36,9,47,4.72,Yes,24,65,4,275
137,Finance,North,Consulting,Standard,429039,8439,147592,20,616,91187,19,3,16,2.46,No,8,31,9,102
138,Healthcare,North,Consulting,Premium,54426,37172,416687,152,1127,149608,24,0,51,4.43,No,22,20,5,179
139,Healthcare,North,Consulting,Standard,269911,40622,103169,140,1248,127399,11,3,6,2.06,No,14,67,8,30
140,Manufacturing,East,Consulting,Premium,339750,16577,501503,131,604,66747,20,0,55,3.06,Yes,27,43,1,98
141,Retail,East,Implementation,Standard,491048,16763,114745,78,994,55712,24,4,33,1.43,No,8,82,4,322
142,Manufacturing,West,Consulting,Premium,78151,25176,81067,32,545,147345,10,4,44,3.64,No,23,65,9,259
143,Finance,South,Implementation,Premium,323452,49386,111033,190,1322,81820,8,6,18,4.34,Yes,20,89,1,240
144,Finance,West,Implementation,Premium,290853,29255,105256,46,1854,135342,49,7,16,3.87,Yes,8,13,1,101
145,Finance,South,Implementation,Basic,304595,46003,299455,18,1739,101228,24,3,12,3.09,Yes,13,14,4,125
146,Finance,East,Support,Premium,226743,24996,562264,24,1481,84353,34,6,20,1.18,Yes,22,19,3,113
147,Finance,East,Implementation,Basic,140306,40386,260417,140,1459,102091,31,3,45,4.73,No,20,33,7,257
148,IT,East,Implementation,Standard,275180,26062,146803,102,1344,95914,48,2,40,3.82,Yes,15,35,3,328
149,Healthcare,West,Support,Premium,419128,40931,263814,26,948,191902,13,5,59,3.98,No,23,82,1,265
150,Finance,North,Support,Standard,52204,40710,178843,163,1035,116718,0,3,29,4.18,Yes,22,8,2,322
151,Retail,North,Support,Standard,142769,39693,539809,158,1010,158199,16,2,30,3.99,Yes,24,70,4,251
152,Retail,East,Consulting,Premium,137265,40740,272603,81,1981,21539,24,8,26,2.76,No,25,29,1,252
153,Retail,North,Support,Basic,343275,16705,432119,158,1039,187833,7,4,22,3.93,No,16,76,1,310
154,Retail,North,Support,Premium,102428,48408,204282,130,515,56219,4,6,33,3.5,No,12,62,8,250
155,IT,West,Implementation,Standard,83870,33047,536545,20,742,155764,4,5,58,4.42,Yes,8,34,7,245
156,Retail,South,Support,Standard,153547,15966,86270,175,1730,23334,40,9,53,4.21,Yes,14,12,8,260
157,Finance,East,Consulting,Premium,285990,22374,515224,81,1411,169687,34,4,39,1.17,No,6,78,4,198
158,Manufacturing,East,Support,Basic,99067,16138,591740,115,1794,17903,18,6,47,2.52,No,0,45,6,358
159,Retail,West,Consulting,Basic,288083,20935,363630,134,1260,169599,22,5,29,1.14,Yes,0,55,3,71
160,IT,West,Support,Standard,162217,5489,74859,44,1204,156701,8,9,22,1.41,No,4,8,8,287
161,IT,North,Support,Standard,464823,49516,171462,128,614,68008,29,1,45,3.41,No,23,86,4,225
162,Retail,East,Support,Basic,468184,27260,207735,23,1822,109318,49,2,13,4.5,Yes,8,35,3,125
163,Manufacturing,South,Support,Premium,148934,31069,309737,23,896,167780,15,1,9,1.48,No,11,2,4,346
164,Retail,West,Consulting,Standard,192980,24275,341197,19,893,151932,32,2,24,2.8,Yes,5,18,6,43
165,IT,South,Consulting,Basic,469639,41284,202157,149,1598,158510,1,0,15,4.64,Yes,27,27,7,142
166,Healthcare,South,Implementation,Standard,386851,44178,411889,47,1477,77300,13,7,36,4.26,Yes,12,22,7,106
167,Finance,East,Consulting,Premium,259329,37821,250167,117,1626,139263,45,5,13,3.08,No,25,6,4,306
168,IT,East,Support,Basic,307354,21999,196319,128,796,30842,0,1,27,4.09,No,27,75,8,349
169,Retail,West,Implementation,Standard,111215,43712,474027,43,1501,52372,25,7,44,3.09,No,7,13,7,189
170,Finance,East,Implementation,Premium,236907,45172,286453,178,677,124316,24,5,37,1.63,No,14,45,2,342
171,Retail,East,Implementation,Standard,361573,38722,196645,19,1738,108971,15,6,7,1.5,Yes,5,14,8,148
172,Retail,East,Support,Premium,394296,15625,572035,131,1466,48744,14,0,8,1.75,Yes,26,66,9,190
173,Healthcare,South,Consulting,Premium,158048,6629,198261,154,814,126082,25,6,37,2.4,No,5,14,5,337
174,Finance,West,Support,Basic,219530,15973,402221,154,1562,67442,46,2,41,4.72,No,3,50,4,175
175,Finance,North,Implementation,Premium,227241,11859,496862,199,758,139070,43,7,14,4.2,No,10,87,4,192
176,Healthcare,South,Support,Standard,188731,46609,398767,124,506,95990,15,5,58,2.73,No,20,7,4,208
177,IT,East,Support,Premium,289977,48307,191004,10,548,131670,13,3,12,2.97,Yes,29,68,6,118
178,Retail,South,Consulting,Premium,389384,41046,565187,21,660,116917,28,7,36,2.06,No,17,61,4,252
179,Manufacturing,East,Consulting,Basic,476009,26839,113687,112,675,13650,23,8,52,3.82,Yes,2,50,7,295
180,Retail,East,Implementation,Premium,163688,32216,167615,13,1525,55117,46,9,40,4.21,No,2,62,7,268
181,Retail,South,Support,Premium,358617,23945,453120,179,1500,101244,14,1,17,1.96,No,29,67,5,337
182,IT,West,Support,Standard,408906,11539,591985,150,954,193844,18,5,40,1.17,No,11,77,5,63
183,Retail,East,Consulting,Basic,270460,38625,593903,107,775,13190,7,4,53,3.5,Yes,26,15,8,196
184,Healthcare,West,Support,Basic,419100,9886,566554,115,997,58113,33,4,29,3.25,No,20,83,7,154
185,Healthcare,North,Support,Basic,430596,12485,442706,94,1175,149861,1,9,27,2.61,Yes,29,23,7,253
186,Finance,East,Support,Premium,236823,36455,138533,130,1551,42125,26,2,1,3.58,Yes,20,5,6,179
187,Manufacturing,West,Consulting,Basic,438455,21767,300011,141,1856,140000,9,7,52,3.2,No,5,56,7,218
188,Retail,West,Implementation,Premium,259987,33453,249327,91,1524,158531,34,7,34,2,Yes,20,30,7,72
189,Retail,North,Implementation,Premium,497470,15744,565168,28,1711,176490,22,4,4,2.59,Yes,27,5,2,58
190,IT,West,Support,Standard,319150,42102,132684,139,555,121904,48,7,24,2.71,Yes,5,78,2,149
191,Healthcare,West,Implementation,Standard,299243,17226,510134,21,1046,188157,7,9,21,4.52,No,7,28,7,60
192,Manufacturing,North,Consulting,Standard,124218,32869,276621,90,1635,28768,27,7,33,4.84,Yes,14,66,7,210
193,Finance,East,Consulting,Standard,246416,27588,295295,83,1833,191033,22,2,7,4.57,Yes,17,74,7,191
194,Healthcare,West,Implementation,Standard,477056,18440,213466,107,535,91099,3,1,1,3.88,No,19,2,5,157
195,Finance,West,Implementation,Premium,82430,36709,294318,15,938,168957,13,8,41,3.34,No,28,27,1,284
196,IT,West,Support,Premium,73091,27495,432778,145,1094,97421,41,1,3,3.76,Yes,15,73,2,323
197,IT,South,Implementation,Basic,307125,42019,191936,134,1848,16895,28,8,44,4.76,Yes,5,47,9,283
198,Retail,North,Support,Premium,476199,49948,432818,60,806,191383,0,3,51,2,Yes,27,79,8,159
199,Manufacturing,South,Support,Premium,73989,5922,163533,20,1118,81017,3,1,15,3.14,Yes,20,9,8,41
200,Finance,North,Consulting,Standard,125451,32526,307997,194,1632,33932,31,9,31,3.76,No,16,32,1,64
201,Healthcare,East,Consulting,Premium,68990,12957,129590,136,1895,31360,32,0,54,3.72,No,8,66,6,227
202,IT,East,Consulting,Standard,402414,38998,449919,149,856,64847,48,3,16,2.01,Yes,18,68,9,277
203,Retail,West,Consulting,Basic,392504,48395,388615,82,680,100365,25,8,10,3.35,No,17,11,8,139
204,Retail,North,Implementation,Basic,300541,29031,563692,11,1879,95468,16,8,54,4.18,Yes,24,56,3,357
205,Finance,East,Consulting,Premium,348225,15006,541530,17,567,48931,38,3,29,2.9,No,22,43,4,274
206,IT,North,Implementation,Basic,192105,42701,575795,148,791,65823,22,8,59,4.17,No,4,12,3,279
207,Manufacturing,East,Consulting,Premium,420416,30939,365442,133,1191,48032,31,5,59,2.44,Yes,27,23,6,346
208,IT,South,Implementation,Basic,328385,25324,516324,62,680,28807,14,0,6,4.76,Yes,5,43,9,192
209,Finance,East,Support,Standard,174932,27867,304936,19,1989,152839,12,9,29,3.14,Yes,11,56,8,77
210,Finance,South,Implementation,Standard,318083,5203,469925,121,933,149143,1,5,17,3.38,Yes,10,15,4,100
211,IT,East,Implementation,Standard,163000,21544,69726,17,1987,63413,18,8,53,1.13,No,15,20,2,163
212,Finance,West,Consulting,Standard,228634,20899,251896,45,1413,167221,23,1,22,1.68,No,19,75,8,268
213,IT,South,Implementation,Premium,85063,34063,100542,115,565,25540,44,5,24,3.53,Yes,16,50,8,97
214,Healthcare,East,Support,Basic,257793,30344,473461,23,1544,80248,23,1,17,2.68,No,19,20,6,307
215,IT,West,Support,Premium,208117,8748,94753,191,883,120494,10,3,21,3.03,No,8,59,8,61
216,IT,South,Consulting,Standard,487985,44486,343460,95,538,95435,21,7,51,1.25,Yes,0,50,9,152
217,Finance,West,Support,Premium,359262,6093,293979,158,1808,29787,14,6,50,4.34,Yes,25,20,1,51
218,Finance,North,Implementation,Basic,134703,20228,338104,59,1321,30982,9,8,11,4.14,No,2,5,9,184
219,Retail,North,Support,Premium,464841,25884,90791,176,1101,32606,40,6,56,1.74,Yes,20,72,2,139
220,Retail,South,Consulting,Basic,285796,30183,347360,29,1284,151222,26,0,7,3.54,Yes,22,64,1,300
221,Healthcare,East,Implementation,Premium,178557,21034,386571,96,1859,122223,8,1,42,4.27,No,8,75,8,329
222,Retail,South,Consulting,Basic,339220,10710,195150,144,1711,56936,27,5,39,3.56,No,21,57,8,144
223,IT,West,Implementation,Basic,303317,47500,110519,146,1170,103286,0,6,5,2.24,Yes,18,77,4,249
224,Finance,East,Support,Standard,245877,24259,74389,138,1766,149665,16,2,44,3.62,No,12,5,8,259
225,Retail,North,Consulting,Basic,356749,40959,418105,163,1596,158430,30,8,48,1.84,Yes,22,64,7,281
226,Retail,East,Consulting,Standard,396709,38457,217753,175,978,47381,43,6,57,2.27,Yes,13,85,2,278
227,Healthcare,North,Implementation,Standard,351265,25143,403150,47,1060,131465,9,5,21,1.96,No,19,33,5,38
228,Healthcare,East,Consulting,Standard,343577,7103,557488,198,600,38074,36,5,18,3.23,No,18,55,4,63
229,IT,East,Implementation,Premium,93309,5365,154913,53,1013,161667,28,0,35,1.43,Yes,29,74,3,257
230,Finance,East,Implementation,Premium,379612,49535,329637,95,675,54194,17,4,20,4.73,Yes,22,2,1,102
231,Healthcare,West,Implementation,Premium,487470,21103,129639,53,737,190449,46,9,15,2.33,Yes,26,41,5,330
232,Retail,West,Implementation,Premium,379437,37510,291452,83,1409,36853,37,2,5,1.88,No,26,61,8,241
233,Finance,South,Support,Basic,408402,29476,376527,128,1582,83719,38,6,13,2.99,Yes,6,5,9,101
234,Finance,South,Implementation,Basic,481069,17742,369378,199,1622,161733,48,9,51,2.11,No,3,5,7,87
235,Retail,North,Consulting,Premium,350549,17391,546084,131,1370,191565,5,2,12,3.14,Yes,11,62,1,249
236,Healthcare,West,Support,Basic,93527,41940,589882,143,994,128724,39,4,55,2.39,No,22,19,1,304
237,Retail,North,Consulting,Basic,389371,33901,329515,154,1446,177567,11,6,21,1.53,Yes,26,20,1,278
238,Finance,South,Support,Standard,443708,37001,292520,60,1254,23703,13,2,37,2.06,No,13,1,2,45
239,Manufacturing,North,Implementation,Standard,274490,20623,303459,47,1820,194152,43,9,6,2.75,Yes,1,89,1,104
240,Manufacturing,South,Support,Standard,189883,7378,297330,161,710,171887,9,1,7,1.12,Yes,0,89,4,135
241,IT,West,Support,Standard,143344,26372,165573,60,1646,170637,19,5,26,4.08,Yes,27,55,9,165
242,Retail,East,Consulting,Basic,205344,49799,197900,19,1752,127491,14,7,42,3.49,Yes,17,9,4,103
243,Retail,West,Consulting,Premium,273564,43437,379658,129,1911,68453,30,3,48,3.41,No,19,86,4,283
244,IT,North,Implementation,Basic,97153,40503,560364,158,639,98478,6,8,8,3.18,No,7,69,7,47
245,IT,North,Support,Basic,158042,35746,565740,79,1040,43161,40,7,9,3.36,No,2,22,9,72
246,IT,West,Support,Basic,104110,32923,295707,94,1914,197063,9,6,27,4.74,No,25,29,7,79
247,Finance,West,Support,Standard,195051,14867,564917,66,769,124296,9,6,4,1.03,No,5,77,1,32
248,Retail,South,Implementation,Standard,291131,46258,537294,135,1535,150788,47,2,21,1.19,Yes,21,36,1,261
249,Finance,North,Implementation,Standard,289173,38724,583116,48,1912,43349,38,5,31,1.77,No,12,54,4,248
250,IT,North,Implementation,Premium,78328,14306,514485,42,1860,57098,27,4,21,1.67,No,8,48,4,88
251,Retail,West,Implementation,Basic,162911,44391,573066,196,1005,118435,29,0,40,1.72,No,8,33,1,313
252,Finance,East,Implementation,Premium,325011,19908,324179,27,1629,141204,36,2,25,3.69,No,19,43,6,331
253,Finance,North,Consulting,Standard,109234,32081,169767,193,531,61990,2,0,39,2.84,Yes,8,21,2,93
254,IT,East,Support,Premium,337995,42228,493961,66,1597,78921,49,3,15,4.97,Yes,14,30,5,99
255,Retail,West,Support,Basic,343423,28386,214226,105,1694,177610,42,9,53,1.91,Yes,12,6,8,332
256,IT,West,Support,Basic,298503,33302,551818,57,1592,110572,14,2,35,2.24,Yes,21,20,3,171
257,Retail,South,Support,Standard,277135,24212,116396,51,1312,17213,20,3,49,4.94,No,15,15,9,231
258,Manufacturing,North,Support,Standard,123402,40618,552443,36,861,134693,36,8,43,4.33,No,1,19,7,236
259,Healthcare,East,Support,Premium,327593,15698,178920,83,1956,185295,11,2,41,2.88,Yes,25,42,9,250
260,Healthcare,South,Support,Standard,388365,9594,466547,119,1428,101655,3,5,37,3.22,Yes,13,43,1,275
261,Healthcare,North,Support,Standard,401224,30525,254999,189,599,78371,46,5,57,4.37,No,26,46,5,110
262,IT,South,Consulting,Basic,55451,19282,123014,179,508,78274,8,6,42,2.92,No,5,18,3,280
263,Manufacturing,West,Support,Standard,137178,19334,245550,41,1196,117853,38,8,47,1.82,Yes,1,47,4,80
264,Retail,North,Consulting,Standard,484532,34179,246806,35,1552,14134,41,6,28,4.31,Yes,7,78,4,314
265,Finance,South,Implementation,Basic,375905,11644,481837,34,1637,101428,27,0,14,3.15,Yes,3,68,7,233
266,Retail,South,Support,Basic,286562,40618,398585,84,961,49601,22,7,4,1.61,Yes,20,10,8,54
267,Finance,East,Implementation,Premium,351014,37933,106121,32,1420,83889,44,4,53,3.02,No,23,78,5,70
268,Retail,South,Implementation,Standard,408710,48469,382341,66,1666,25690,39,8,20,2.65,No,13,28,7,98
269,Manufacturing,North,Implementation,Basic,435893,38687,144577,189,889,11909,43,9,34,4.51,No,10,44,3,33
270,Finance,North,Consulting,Premium,173765,46073,416778,135,1131,101239,21,4,12,1.5,Yes,23,67,3,269
271,IT,East,Implementation,Premium,437025,22375,309106,96,1181,90032,23,4,33,4.5,No,27,35,3,60
272,Retail,North,Implementation,Standard,474089,35926,495647,40,656,22062,25,1,24,3.05,No,13,47,4,146
273,Retail,West,Implementation,Standard,178389,41607,552461,73,834,85386,29,2,20,2.62,Yes,11,86,6,224
274,Finance,North,Support,Premium,239699,22642,565200,42,759,175803,32,9,5,1.65,Yes,15,14,5,119
275,IT,North,Support,Basic,247227,28993,543241,11,581,146225,15,8,38,3.8,Yes,5,43,8,207
276,IT,South,Consulting,Premium,337516,49386,536379,27,1253,151553,21,6,30,4.71,Yes,19,66,5,174
277,Manufacturing,South,Consulting,Standard,315786,26188,532295,184,1964,109270,48,0,24,2.5,Yes,0,73,5,231
278,IT,North,Support,Basic,310220,37596,465831,170,1695,76425,49,2,43,1.97,Yes,11,39,2,351
279,IT,East,Consulting,Basic,471217,32772,585754,93,1754,94981,42,1,40,3.22,No,6,85,5,232
280,IT,South,Support,Premium,346208,35857,406030,44,1219,114470,17,0,7,4.18,No,7,13,7,53
281,Healthcare,East,Implementation,Standard,275898,15776,388055,188,574,169277,6,8,36,1.02,No,8,62,2,134
282,Manufacturing,North,Implementation,Premium,326266,37835,473962,123,1793,98887,49,7,38,3.53,No,1,80,6,304
283,Retail,North,Consulting,Premium,468036,14788,148422,155,1125,91542,25,4,16,3.39,No,16,84,7,351
284,Finance,West,Support,Premium,118431,10660,563100,119,561,185221,7,1,52,2.27,No,19,50,5,89
285,Retail,South,Support,Basic,105745,9478,395513,97,1373,59112,5,0,15,2.81,Yes,12,78,9,44
286,Manufacturing,North,Consulting,Basic,100081,13210,352717,81,819,152012,29,6,46,1.99,Yes,4,57,4,114
287,Finance,West,Support,Standard,451927,15922,486583,134,601,69010,38,1,23,4.16,Yes,9,14,1,226
288,Manufacturing,South,Implementation,Standard,266204,41289,212271,39,1952,34485,22,0,12,3.54,No,11,64,8,264
289,IT,North,Consulting,Premium,462009,38340,413548,181,1373,99299,31,1,29,3.13,No,16,87,8,292
290,Finance,North,Consulting,Premium,451415,44850,227477,62,1453,115584,21,6,44,2.57,Yes,20,54,7,35
291,IT,South,Support,Premium,126253,43163,289304,147,754,142139,41,6,48,2.17,Yes,5,75,8,318
292,Retail,South,Consulting,Standard,348335,23642,402022,96,1069,30607,42,9,15,4.29,Yes,2,9,2,87
293,Retail,South,Support,Basic,322355,16094,412621,189,611,71597,44,5,29,2.81,Yes,27,41,3,174
294,Finance,North,Support,Basic,161086,27423,532697,186,1484,84554,8,4,45,3.01,Yes,14,10,9,71
295,Finance,North,Support,Premium,499962,38418,429430,148,1836,189593,30,2,43,3.08,No,6,15,1,229
296,Manufacturing,West,Support,Premium,464758,10741,538705,195,1497,25187,6,2,49,2.79,No,29,72,8,203
297,Manufacturing,East,Support,Premium,474528,11838,362619,173,960,13985,8,8,21,2.02,No,5,77,8,364
298,IT,South,Consulting,Premium,488458,8262,418766,170,1207,184124,12,3,15,1.48,Yes,3,18,7,124
299,Finance,North,Implementation,Standard,414115,9996,470520,184,1386,160635,2,8,14,1.39,No,18,30,5,246
300,Retail,North,Implementation,Basic,143783,49594,167573,22,1985,188394,34,3,42,4.03,Yes,4,72,4,140
301,Manufacturing,South,Consulting,Premium,175681,27164,329152,49,1615,61514,32,1,44,1.89,No,2,52,6,209
302,Manufacturing,East,Consulting,Standard,137893,40595,370435,98,1575,28608,20,3,16,1.22,Yes,25,89,1,192
303,Retail,South,Implementation,Premium,498604,35257,218477,77,1019,81327,30,5,15,4.19,Yes,24,7,5,148
304,Manufacturing,East,Implementation,Premium,208763,19211,308141,51,1311,198297,33,5,42,1.62,No,8,23,4,354
305,IT,North,Implementation,Basic,127960,35453,358530,156,1621,27221,31,4,4,3.5,No,5,7,4,257
306,Finance,East,Implementation,Premium,396532,10232,211899,103,735,58506,34,0,27,2.35,No,12,82,7,174
307,Retail,West,Implementation,Basic,72601,7217,400687,28,1897,30968,14,2,23,1.51,No,26,47,9,337
308,Finance,North,Support,Basic,461236,29229,358076,195,1426,137677,31,4,29,2.66,No,21,29,8,171
309,Manufacturing,West,Consulting,Basic,189227,19232,474380,32,1056,169009,5,5,41,1.06,Yes,27,57,8,151
310,Manufacturing,South,Support,Standard,250191,30613,192018,63,1148,190580,44,0,53,4.36,No,29,85,5,314
311,Retail,South,Implementation,Standard,217849,19026,349385,74,733,182903,20,8,52,3.05,No,19,54,6,255
312,IT,South,Implementation,Basic,331854,33554,155790,149,1555,184005,32,2,9,1.56,Yes,3,72,2,286
313,Healthcare,East,Implementation,Premium,420858,35908,232275,33,1812,188379,31,9,53,1.95,No,1,61,3,314
314,Retail,North,Support,Basic,205604,24610,321439,43,1078,189412,18,2,57,2.79,Yes,25,47,5,194
315,Healthcare,South,Support,Premium,178727,44605,71350,62,1041,112951,32,1,56,1.76,No,3,3,2,250
316,Healthcare,South,Implementation,Basic,461817,12031,378953,145,613,118306,27,7,52,2.07,No,7,36,3,98
317,IT,North,Support,Premium,113227,30515,161894,27,703,53601,30,2,43,3.14,Yes,12,7,4,338
318,Healthcare,South,Support,Standard,186039,41484,419701,66,1552,82178,20,5,43,4.33,No,9,0,6,253
319,Healthcare,West,Implementation,Premium,134289,41182,496048,121,1142,169826,33,1,7,2.61,No,17,69,5,153
320,IT,North,Support,Basic,201094,5570,339720,14,973,184382,14,6,53,3.87,No,8,46,4,41
321,Healthcare,North,Consulting,Standard,486679,37254,482217,163,1196,79893,13,3,42,4.51,No,29,74,2,81
322,Healthcare,North,Consulting,Premium,255743,24288,580841,167,752,96799,18,8,4,1.87,Yes,0,4,5,158
323,Healthcare,West,Consulting,Premium,317866,18288,143384,191,1404,58367,42,9,5,4.23,Yes,12,49,5,164
324,Retail,North,Consulting,Premium,208485,34877,60390,22,885,23201,14,8,5,4.03,No,17,23,7,174
325,Retail,West,Implementation,Premium,393194,23889,540751,92,561,143811,5,6,11,2.43,No,14,46,1,156
326,Retail,North,Implementation,Premium,283820,5917,595857,38,1014,23231,8,7,41,4.96,Yes,1,17,4,255
327,IT,East,Implementation,Standard,286994,15066,466245,12,929,183567,36,2,28,2.05,Yes,10,83,5,100
328,Manufacturing,South,Consulting,Standard,395740,34504,82490,99,1079,162240,19,4,16,2.02,No,28,27,8,302
329,Healthcare,East,Consulting,Standard,378876,11982,554080,113,1664,173696,33,1,41,4.09,Yes,13,76,8,216
330,Healthcare,South,Support,Standard,455513,44104,421659,132,1242,151707,37,9,54,2.74,Yes,21,4,1,32
331,IT,West,Support,Basic,118323,23062,331265,195,1823,19964,25,6,30,2.32,Yes,14,29,5,314
332,Healthcare,East,Consulting,Standard,335960,21999,61539,85,1174,168857,17,7,4,1.71,Yes,13,0,1,51
333,Retail,North,Consulting,Premium,90695,14941,470243,139,810,22336,27,8,2,4.06,No,15,85,1,195
334,Manufacturing,South,Consulting,Premium,462918,28470,449546,117,970,87475,8,6,46,4.15,Yes,22,81,2,339
335,Finance,South,Consulting,Standard,468458,26133,372579,165,1916,168484,31,9,3,3.27,No,28,45,2,275
336,Healthcare,East,Support,Premium,105841,49435,575584,91,1968,92212,5,9,50,4.83,No,14,68,9,263
337,Retail,West,Consulting,Standard,440642,9529,123965,86,1308,85379,13,7,21,2.27,Yes,18,30,4,354
338,Finance,East,Support,Premium,248784,22519,575249,11,671,55591,27,8,6,1.88,No,26,69,3,187
339,Manufacturing,West,Consulting,Basic,157096,17192,433192,136,1075,71750,23,5,43,3.71,No,8,55,1,180
340,Finance,West,Consulting,Basic,142764,13566,392066,144,530,100648,12,9,53,4.03,Yes,4,88,2,242
341,Retail,South,Consulting,Standard,496790,12226,157799,35,546,106134,42,1,18,1.9,Yes,4,27,6,247
342,Finance,East,Support,Standard,135744,42930,153948,97,629,176526,11,1,44,1.31,Yes,10,15,9,275
343,IT,East,Support,Standard,340626,26259,536055,25,851,108537,18,3,5,4.24,No,27,53,5,332
344,Finance,West,Implementation,Premium,59171,39087,203314,160,1477,72672,20,8,9,4.91,No,19,52,4,305
345,Healthcare,East,Consulting,Standard,150755,6141,308099,177,557,37228,26,6,20,3.58,No,24,11,5,180
346,Healthcare,North,Implementation,Basic,158125,9627,315821,197,1629,24429,18,1,28,2.11,No,23,19,9,225
347,IT,North,Implementation,Premium,442866,7690,370929,82,1311,94294,23,7,26,4.99,Yes,27,81,7,50
348,Retail,East,Support,Standard,418226,45091,520188,41,1853,125577,25,6,18,4.57,No,3,33,8,286
349,Healthcare,East,Support,Premium,53696,8255,71618,24,1267,194087,44,8,19,3.05,Yes,19,52,4,46
350,Manufacturing,West,Implementation,Premium,176310,10213,396430,150,1182,98074,27,7,3,4.3,Yes,17,63,8,80
351,Healthcare,North,Consulting,Standard,463274,41876,338266,14,1906,78936,45,2,9,4.26,Yes,24,22,6,299
352,Healthcare,North,Support,Premium,201385,24404,270448,83,1685,67378,17,0,36,4.74,Yes,2,26,5,344
353,Retail,South,Consulting,Basic,331293,30380,555919,61,1496,47310,43,1,31,4.36,No,3,16,7,112
354,Finance,West,Consulting,Basic,442208,30520,196109,86,785,111827,35,1,49,3.57,Yes,13,47,6,335
355,Healthcare,South,Implementation,Premium,365665,24173,88633,178,1594,176328,41,3,17,3.44,No,6,20,3,153
356,IT,North,Implementation,Standard,95740,28989,272456,190,1977,109862,28,5,55,2.87,Yes,25,49,5,319
357,Finance,West,Implementation,Premium,156611,47570,358627,119,1385,48889,16,3,23,3.51,Yes,7,39,9,291
358,Manufacturing,East,Implementation,Basic,448172,29519,435325,187,896,61428,3,8,34,4.18,Yes,23,2,7,78
359,Retail,West,Support,Premium,298922,27439,526589,152,525,120502,43,3,41,4.88,No,15,16,4,35
360,Manufacturing,East,Support,Premium,378785,16413,356213,115,812,178279,44,5,41,2.87,Yes,19,60,7,146
361,Finance,East,Implementation,Basic,113811,19995,198442,136,625,60255,28,5,5,3.29,Yes,14,49,5,147
362,Finance,West,Support,Premium,495376,28559,131947,16,1931,115824,3,9,15,2.78,Yes,6,89,2,292
363,Finance,East,Implementation,Premium,232385,28513,230205,49,1721,15409,9,9,47,3.67,Yes,25,86,6,158
364,Manufacturing,South,Consulting,Standard,113232,10021,155761,165,1310,52438,24,0,3,3.52,No,16,5,7,200
365,Finance,North,Consulting,Standard,327561,37464,435897,169,687,17869,30,7,19,1.07,No,21,27,8,56
366,Manufacturing,East,Consulting,Basic,205801,26119,164700,108,1197,197934,2,2,28,3.16,Yes,21,71,6,228
367,Finance,South,Implementation,Basic,162492,34299,396128,152,1309,35958,46,5,3,1.35,Yes,21,54,8,343
368,IT,East,Consulting,Basic,80099,44350,496606,94,1215,160840,1,2,38,1.11,No,11,57,7,126
369,Finance,North,Support,Standard,279206,30517,65209,74,949,167217,24,1,4,4.16,No,17,44,2,46
370,Manufacturing,South,Consulting,Basic,473177,18117,459749,141,1022,85622,48,4,24,2.03,No,23,71,6,202
371,Healthcare,North,Consulting,Basic,455818,27250,329355,20,1877,36442,5,0,31,2.36,Yes,13,18,9,130
372,Finance,North,Consulting,Basic,168474,23950,69927,117,1485,91948,25,8,45,1.26,No,14,28,6,215
373,Healthcare,South,Support,Standard,321400,22359,215666,35,1157,35596,7,6,59,1.72,Yes,14,22,4,213
374,IT,South,Implementation,Premium,293588,28596,268785,198,1096,85791,34,2,45,4.06,No,4,31,7,244
375,Retail,South,Support,Basic,84681,30530,398526,174,599,52406,26,3,59,2.97,No,15,9,3,280
376,IT,West,Implementation,Premium,141328,6262,199005,160,1115,50524,24,5,11,4.52,Yes,4,48,5,245
377,Finance,South,Implementation,Basic,268512,45150,256521,94,1447,164404,17,2,37,2.59,No,1,64,1,58
378,Healthcare,South,Consulting,Premium,355505,27615,389760,177,1055,120160,0,6,1,2.07,Yes,19,28,3,131
379,Healthcare,South,Implementation,Standard,84540,8327,509764,160,777,156836,47,5,9,2.39,No,27,58,8,152
380,Manufacturing,South,Support,Standard,207608,34768,217195,132,990,168635,38,8,17,3.85,Yes,24,44,9,83
381,Healthcare,East,Support,Basic,134700,33850,461013,153,754,177442,2,4,54,3.22,No,8,66,9,312
382,Manufacturing,West,Implementation,Premium,390676,47788,110013,198,880,15062,3,3,1,4.62,No,21,50,2,131
383,Retail,North,Consulting,Standard,237647,21848,461562,77,1391,54645,40,2,3,3.41,Yes,26,10,4,146
384,Finance,South,Consulting,Basic,439770,44542,276486,113,1041,132759,36,9,47,2.97,Yes,8,85,5,133
385,Manufacturing,East,Support,Basic,446087,20160,486888,89,1787,17244,14,0,26,4.14,Yes,3,81,3,74
386,Retail,East,Consulting,Standard,96002,38998,470869,168,1324,147444,7,2,53,4.79,Yes,14,5,1,143
387,Healthcare,East,Implementation,Standard,99812,32230,323328,62,1378,95501,37,2,31,2.42,No,10,66,6,60
388,Healthcare,North,Implementation,Basic,465842,14076,487709,115,1852,127450,49,6,26,2,No,0,61,2,193
389,Retail,South,Support,Premium,241051,8805,171361,162,1638,26956,18,6,23,3.46,No,17,4,9,218
390,Healthcare,West,Implementation,Premium,307906,36085,457172,53,1799,181545,46,0,30,3,No,28,8,1,322
391,Retail,West,Support,Premium,158946,19715,76555,149,780,154966,25,2,10,4.96,No,0,27,9,224
392,Manufacturing,East,Implementation,Basic,116668,10750,584213,99,1798,26709,38,7,8,2.85,No,7,82,7,321
393,Manufacturing,North,Support,Standard,149003,18232,471906,110,1272,128428,9,8,44,1.3,Yes,24,76,2,290
394,Retail,North,Consulting,Basic,261142,40903,380646,106,1342,25210,37,6,25,4.91,No,15,37,6,236
395,Manufacturing,North,Implementation,Standard,270462,11953,315658,18,1218,190582,13,6,22,4.37,No,25,42,8,81
396,Manufacturing,West,Implementation,Premium,355142,37093,502065,21,827,112081,48,7,15,1.71,Yes,27,20,2,78
397,Manufacturing,East,Support,Premium,244886,30500,163844,78,710,179746,40,5,59,4.62,No,21,61,5,35
398,IT,South,Support,Standard,154601,27418,151321,191,1226,110025,18,2,41,2.36,No,17,45,6,253
399,Finance,West,Implementation,Standard,488823,39314,158234,191,1422,158805,29,0,56,2.51,No,21,69,3,52
400,Healthcare,East,Support,Basic,319956,27449,534718,37,1051,161152,4,6,57,4.63,Yes,8,37,2,174
401,IT,East,Implementation,Premium,111844,22478,531761,65,525,194484,30,0,10,3.12,Yes,11,48,6,139
402,Manufacturing,South,Consulting,Basic,251165,40179,349987,108,526,134476,6,0,20,1.55,No,18,74,3,241
403,Retail,South,Support,Basic,445395,30338,384464,119,1201,180781,18,8,41,2.48,Yes,24,80,2,329
404,Manufacturing,South,Implementation,Basic,224870,31899,79627,86,1606,69846,30,9,47,3.89,No,17,38,1,70
405,Finance,North,Consulting,Premium,124601,9145,383966,112,1181,75480,38,6,23,1.7,No,26,70,8,201
406,Manufacturing,South,Consulting,Basic,451491,37101,537317,115,912,62960,23,3,53,3.36,No,4,29,1,215
407,Retail,East,Implementation,Basic,493790,7775,282633,118,666,182224,33,5,53,3.78,Yes,26,20,5,243
408,Finance,South,Support,Basic,360001,36647,377942,121,668,168322,22,0,1,2.38,No,1,0,6,335
409,Manufacturing,East,Implementation,Basic,437699,24539,397462,67,728,95765,47,6,2,3.78,No,6,88,3,81
410,Finance,West,Consulting,Basic,332844,41738,426330,87,866,127265,44,5,58,4.54,No,26,31,7,99
411,Healthcare,North,Implementation,Basic,307927,31616,410046,84,1027,58137,39,3,19,2.89,No,9,7,2,225
412,Healthcare,West,Support,Premium,482680,19119,481773,51,1290,128922,5,6,14,2.53,No,14,68,7,180
413,Manufacturing,West,Consulting,Basic,223423,30159,393478,175,1023,131280,37,2,8,2,Yes,24,29,2,138
414,Finance,East,Implementation,Standard,143330,42099,528379,77,1595,187484,40,0,38,3.42,No,6,7,5,147
415,Retail,West,Support,Basic,275391,15295,428863,190,605,53876,35,3,12,4.52,Yes,27,18,7,124
416,Manufacturing,East,Consulting,Basic,263606,39710,183099,42,1231,104547,26,2,26,2.3,No,4,58,3,285
417,Healthcare,South,Support,Premium,457085,29685,334864,80,1464,60227,10,0,27,2.58,Yes,14,54,4,73
418,Healthcare,South,Consulting,Premium,241387,30479,379752,65,1805,173522,4,1,29,2.63,No,19,29,1,96
419,Manufacturing,East,Implementation,Standard,291133,38629,167449,114,632,94433,16,4,15,3.24,No,27,78,3,185
420,Finance,South,Support,Standard,464170,47043,162828,110,1033,83704,6,7,46,1.91,Yes,19,35,9,352
421,Healthcare,North,Consulting,Premium,212627,22033,186613,60,1474,16861,26,0,53,4.29,Yes,14,54,5,235
422,Finance,West,Support,Premium,375497,41902,132095,83,768,71914,46,3,1,2.18,No,9,43,8,303
423,Healthcare,North,Support,Basic,488242,49571,537910,180,1935,73888,14,3,43,3.82,Yes,23,26,2,184
424,Healthcare,West,Implementation,Premium,412916,20408,147593,130,1172,89286,45,4,28,3.05,Yes,25,76,3,208
425,IT,South,Support,Standard,228048,22420,399386,152,1290,71293,12,6,57,3.34,No,28,77,7,89
426,Healthcare,North,Consulting,Basic,403646,21351,186202,175,517,78515,10,7,3,1.72,No,25,53,4,103
427,Retail,South,Consulting,Standard,426087,9131,137606,152,616,164596,44,5,51,3.94,No,13,47,9,78
428,Manufacturing,West,Consulting,Basic,421994,49825,183769,14,1297,17065,25,0,18,1.75,No,25,29,7,300
429,Manufacturing,East,Consulting,Premium,95095,16349,178542,92,1667,178756,21,6,52,1.45,No,25,38,1,102
430,Finance,East,Implementation,Standard,195342,49254,428582,191,1050,98720,27,2,34,3.19,Yes,9,12,4,225
431,Healthcare,North,Support,Basic,211980,43225,217550,60,1428,174437,23,5,32,3.84,No,16,15,6,208
432,Retail,South,Implementation,Basic,327667,43847,515433,19,1252,68876,28,7,29,1.2,Yes,20,43,6,77
433,Finance,South,Support,Premium,112433,17453,150140,149,921,164776,8,6,25,1.28,No,13,70,6,101
434,IT,North,Support,Premium,490284,23814,526978,13,1892,198929,41,9,26,4.21,No,1,26,5,142
435,Finance,East,Support,Premium,69991,23263,596069,104,1145,146694,3,5,39,4.24,Yes,15,44,3,274
436,Finance,West,Implementation,Standard,322919,17158,458731,155,1057,93797,48,8,8,1.98,No,12,34,2,338
437,Healthcare,North,Support,Basic,397139,20735,439502,89,549,101141,45,8,19,3.46,Yes,26,78,3,188
438,IT,West,Implementation,Premium,197745,20830,358277,45,1177,112390,17,0,54,2.77,Yes,8,27,9,303
439,Finance,East,Consulting,Standard,172808,49673,157628,34,605,106856,42,0,47,3.53,Yes,6,6,3,297
440,Retail,South,Consulting,Standard,208128,28926,145058,107,1739,76201,15,0,42,4.45,No,15,61,3,333
441,Retail,East,Support,Standard,187686,39779,541799,173,1157,173766,32,7,22,1.32,No,9,50,1,59
442,Manufacturing,North,Implementation,Premium,57415,8373,211542,110,1948,99766,28,9,29,4.11,No,23,45,2,126
443,IT,South,Consulting,Premium,296038,15335,365273,18,1595,32995,38,6,33,2.97,No,21,19,3,280
444,IT,North,Implementation,Basic,487100,28741,330675,70,1487,102320,9,2,38,3.26,No,8,37,2,36
445,Manufacturing,North,Implementation,Basic,460180,15692,359182,62,1341,90141,8,1,45,3.62,No,21,60,8,121
446,Finance,East,Support,Premium,480942,39057,410083,155,945,149491,30,3,46,4.69,Yes,22,31,6,142
447,IT,North,Consulting,Standard,304205,6447,102674,180,1709,189024,27,2,35,1.23,No,6,25,7,288
448,Retail,East,Support,Standard,349188,24583,187572,172,569,174909,2,6,43,1.12,No,15,57,1,136
449,Retail,South,Support,Standard,238221,27765,535692,72,649,80799,13,9,3,1.71,No,8,38,6,92
450,Healthcare,East,Consulting,Basic,218616,28906,351975,130,1769,189949,24,7,19,4.95,No,26,19,2,300
451,IT,South,Consulting,Standard,99976,24567,491436,114,1273,55687,14,5,10,3.86,Yes,23,81,6,228
452,Finance,East,Implementation,Basic,475468,19139,505935,13,1622,47276,1,2,27,3.46,Yes,28,49,3,175
453,Manufacturing,West,Consulting,Basic,315976,43230,113051,102,1801,44523,23,5,15,1.19,Yes,16,78,7,90
454,Manufacturing,West,Implementation,Standard,271883,24520,263085,178,1443,64615,13,1,11,4.52,Yes,19,51,3,149
455,Finance,North,Implementation,Standard,261509,24702,378796,182,954,20514,47,6,47,4.25,Yes,6,85,9,90
456,Healthcare,East,Implementation,Premium,346292,30566,125524,187,1627,57456,6,9,26,3.66,No,10,21,3,338
457,Manufacturing,East,Consulting,Premium,289241,12657,536152,37,1445,17233,35,6,59,2.36,Yes,7,52,7,55
458,IT,South,Support,Standard,269526,42688,328614,179,1100,11102,49,3,24,1.28,Yes,6,84,4,144
459,Healthcare,North,Implementation,Basic,424374,35134,520814,89,1152,76133,23,7,13,3.32,No,27,65,8,69
460,IT,East,Support,Basic,397220,15345,577733,85,1224,56715,26,3,32,3.88,No,18,42,2,145
461,Retail,North,Support,Basic,496675,46185,375617,125,732,120545,36,6,37,1.38,Yes,19,81,8,165
462,Healthcare,West,Consulting,Basic,350546,32413,104439,78,1917,114085,37,3,4,3.54,No,11,22,9,306
463,Manufacturing,East,Support,Basic,238799,10208,336452,107,750,119101,29,4,13,2.15,No,6,76,8,328
464,Healthcare,East,Support,Premium,88578,38455,151563,10,578,147328,26,6,9,4.06,Yes,7,63,6,50
465,Healthcare,North,Consulting,Standard,140453,33018,357225,176,1575,118684,38,9,57,3.16,No,6,8,1,60
466,Healthcare,East,Implementation,Premium,465534,13080,503599,105,1397,74800,14,2,49,1.52,Yes,5,6,7,276
467,Healthcare,North,Support,Basic,387859,26902,594125,26,1420,104937,25,9,34,3.11,Yes,24,40,1,56
468,IT,East,Consulting,Basic,258859,14486,227896,121,1280,51548,0,4,56,2.58,No,8,53,7,102
469,Retail,South,Support,Basic,161435,43862,479515,100,725,183439,3,2,37,1.72,Yes,26,64,2,126
470,Finance,North,Support,Basic,266101,26158,90063,97,1574,138845,28,4,48,4.37,Yes,12,1,8,190
471,Healthcare,East,Implementation,Standard,201538,45460,314371,172,1709,123815,0,2,7,1.04,No,6,3,2,329
472,Manufacturing,West,Support,Basic,407886,48856,162166,183,1557,137602,42,9,1,2.25,No,7,77,3,328
473,Healthcare,East,Consulting,Standard,95475,40871,74506,179,1302,136270,49,6,58,1.05,No,21,31,3,316
474,Manufacturing,West,Support,Basic,372286,40208,285413,176,1241,136320,45,0,12,1.38,No,16,1,1,241
475,IT,West,Implementation,Standard,266232,25519,173604,99,630,167277,21,8,21,2.19,Yes,16,63,5,105
476,Manufacturing,South,Implementation,Premium,207636,36379,86026,58,1522,35570,10,8,11,1.22,No,15,13,5,172
477,Finance,North,Consulting,Basic,203484,33378,480888,199,1131,171327,9,4,44,3.39,No,21,19,5,63
478,Retail,East,Implementation,Standard,143526,44892,374557,47,1966,31182,16,8,51,1.35,Yes,1,88,9,33
479,Manufacturing,South,Support,Premium,101001,19031,315116,160,1337,49373,35,9,58,3.81,Yes,29,48,6,357
480,Manufacturing,East,Implementation,Basic,369793,19536,387210,159,1258,53019,46,5,44,1.21,Yes,7,7,6,127
481,Retail,West,Consulting,Basic,242029,5446,250285,141,1955,26043,25,4,44,1.24,Yes,16,62,3,246
482,Finance,North,Implementation,Basic,478733,41683,110971,186,1203,186604,47,2,14,2.22,No,12,45,5,57
483,Healthcare,East,Implementation,Standard,194228,22618,480497,68,996,29239,20,7,34,4.59,No,17,20,7,230
484,Manufacturing,East,Implementation,Standard,466280,11587,173978,77,1926,151488,12,3,34,3.57,Yes,23,86,3,302
485,Retail,West,Consulting,Premium,75711,36480,219163,139,822,144484,8,9,25,4.08,Yes,27,31,2,343
486,IT,East,Implementation,Standard,80106,37994,163864,58,1733,91976,10,2,4,1.57,Yes,21,7,5,156
487,Retail,East,Implementation,Standard,377602,25527,454295,135,1114,34406,10,5,52,4.34,Yes,27,15,3,231
488,IT,West,Support,Basic,459805,28569,499967,168,828,11875,5,7,55,1.03,No,9,39,5,38
489,Finance,South,Consulting,Basic,442573,16151,508648,120,1895,178138,0,8,26,1.85,Yes,1,26,9,316
490,Healthcare,West,Implementation,Basic,267583,10558,400435,177,1983,146824,5,5,16,3.46,No,1,17,1,117
491,Retail,South,Consulting,Basic,413898,49739,185659,57,632,142425,12,4,10,2.5,Yes,26,34,4,347
492,Manufacturing,North,Implementation,Basic,188286,37954,67235,60,1334,168058,21,1,45,4.94,No,13,51,5,48
493,Finance,South,Implementation,Basic,277189,48837,404877,52,1150,24691,30,1,2,1.12,No,15,14,2,110
494,Retail,South,Implementation,Basic,176479,40303,122712,107,620,58075,21,8,35,4.99,No,6,62,2,136
495,Manufacturing,North,Support,Premium,470343,39700,212545,192,1105,20794,36,1,19,3.49,No,20,52,1,340
496,Retail,South,Support,Premium,186213,32500,185849,186,1975,157478,46,1,6,3.23,Yes,20,80,8,259
497,IT,West,Support,Premium,78884,7032,315493,133,1464,85930,26,2,19,1.24,No,23,65,2,141
498,Retail,South,Consulting,Premium,314852,6252,164215,89,628,167944,49,2,59,2.09,Yes,11,30,3,249
499,Retail,North,Consulting,Basic,330519,10509,92230,194,1614,51708,13,3,53,4.7,No,27,60,2,152
500,Retail,West,Support,Premium,65088,42842,406717,120,528,125492,46,6,52,2.42,No,22,63,4,273
501,Finance,North,Consulting,Basic,369759,18900,522092,152,1221,116629,4,8,51,3.65,Yes,27,33,1,207
502,Retail,North,Implementation,Premium,422282,19523,362788,36,832,161872,35,1,8,5,Yes,13,54,3,94
503,Manufacturing,East,Implementation,Standard,226118,6881,239736,167,1820,184469,31,3,14,2.05,No,24,58,5,32
504,IT,East,Implementation,Premium,322158,38037,388821,173,1653,133313,33,8,10,3.3,No,3,2,1,236
505,IT,North,Support,Premium,245497,6630,478641,122,1816,178981,6,1,3,3.79,Yes,25,16,4,50
506,Retail,North,Consulting,Basic,446489,25789,144817,95,1696,31352,41,9,38,1.66,No,3,77,6,322
507,Finance,North,Support,Premium,228207,27523,298657,123,1443,111975,47,0,29,1.59,Yes,17,77,4,44
508,Finance,East,Consulting,Standard,414986,22958,277033,133,1547,103848,9,9,15,2.83,Yes,2,45,7,235
509,Manufacturing,East,Implementation,Basic,474097,48852,291414,58,1622,156510,49,7,23,2.54,Yes,0,37,7,231
510,Retail,South,Support,Basic,128077,6695,316812,85,1929,54999,16,8,23,3.86,No,16,34,6,149
511,IT,South,Consulting,Premium,189784,19821,364958,64,855,28482,29,6,18,1.28,No,6,0,9,166
512,Finance,North,Consulting,Basic,255776,8262,230956,65,638,173543,20,7,46,4.89,Yes,29,28,2,329
513,Retail,West,Implementation,Basic,365018,6445,417489,104,1697,57279,12,3,19,1.06,Yes,15,3,8,324
514,Finance,West,Support,Basic,119087,21436,317134,53,528,119413,0,3,28,3.41,Yes,29,60,8,54
515,Finance,East,Support,Basic,324441,14949,422232,168,1430,64213,0,1,26,3.25,Yes,4,16,4,341
516,IT,East,Support,Basic,290341,28963,81650,195,995,123909,46,7,10,1.54,No,18,27,6,263
517,Healthcare,East,Implementation,Basic,339272,34932,416386,96,1513,23026,32,1,47,1.6,Yes,6,49,6,150
518,Manufacturing,North,Support,Standard,118368,11901,230521,190,1154,95184,37,8,4,4.17,No,13,89,5,119
519,Manufacturing,West,Implementation,Premium,269571,38487,230733,93,1327,15435,24,3,55,4.55,Yes,1,7,1,349
520,IT,South,Implementation,Standard,391102,13597,302037,160,850,149565,25,0,2,2.13,No,2,33,3,229
521,Finance,North,Implementation,Basic,345064,11855,140428,165,1053,69321,12,3,3,2.75,No,16,58,7,209
522,Retail,South,Consulting,Basic,301514,23678,266251,25,798,143835,27,2,7,2.42,No,15,17,8,105
523,Finance,South,Support,Premium,454372,13263,594231,174,1715,30389,32,5,55,1.29,No,7,58,2,166
524,IT,North,Support,Standard,192180,30805,498976,158,563,41498,36,6,16,3.69,No,17,26,3,167
525,Manufacturing,South,Implementation,Premium,475061,31143,81042,154,1254,73755,40,7,31,4.3,Yes,14,15,4,39
526,Finance,West,Implementation,Standard,446016,16874,378903,46,1269,111545,29,1,10,2.22,Yes,6,9,5,230
527,Manufacturing,South,Support,Basic,309904,32529,428117,86,1738,45825,48,5,19,4.96,No,26,75,3,347
528,Retail,West,Implementation,Premium,485928,25866,442811,156,1333,26934,47,5,28,1.3,Yes,8,21,5,248
529,Manufacturing,West,Support,Premium,445826,19079,561691,167,665,15574,7,9,17,3.65,Yes,5,15,8,89
530,Manufacturing,West,Consulting,Basic,127603,12243,274304,54,1755,140698,48,4,28,2.79,Yes,17,11,8,176
531,Healthcare,East,Implementation,Premium,83872,34872,456178,155,1718,179251,46,9,19,2.79,Yes,17,74,2,136
532,Healthcare,South,Support,Standard,322872,14018,498963,71,1005,142659,0,9,37,2.83,Yes,24,83,6,67
533,Healthcare,North,Implementation,Standard,407246,17100,374493,173,1857,52782,11,6,23,2.03,Yes,25,50,4,163
534,Manufacturing,North,Support,Standard,434193,24800,261904,109,1292,195484,4,2,20,3.86,Yes,23,0,9,250
535,IT,South,Support,Standard,332727,31910,65730,61,1827,70561,23,3,13,3.89,No,13,26,2,332
536,Manufacturing,East,Implementation,Basic,135774,34437,467137,28,1332,145481,5,9,13,2.13,Yes,13,66,8,162
537,IT,East,Consulting,Premium,450479,42588,262210,118,1960,137159,24,8,43,4.34,Yes,13,11,1,363
538,IT,West,Support,Standard,438518,16001,79023,53,1846,36751,0,3,11,2.27,Yes,24,29,6,82
539,Healthcare,South,Support,Basic,248522,24942,405430,16,1357,48174,24,2,48,3.9,No,3,8,1,91
540,Finance,South,Support,Premium,270357,25862,468213,181,1916,132678,0,1,15,1.48,No,3,52,2,52
541,Retail,North,Consulting,Premium,462672,16669,580610,126,1305,66572,31,4,17,1.67,Yes,14,60,3,73
542,Healthcare,South,Consulting,Basic,403262,20916,80923,77,1672,71416,41,3,54,2.26,No,14,53,9,337
543,Healthcare,East,Implementation,Basic,115942,15878,456103,43,1260,153113,41,7,50,3.38,No,17,36,5,75
544,Finance,South,Consulting,Standard,63689,7985,254795,78,1332,164299,2,6,28,3.58,Yes,13,64,2,176
545,Retail,North,Implementation,Premium,476150,37369,293462,64,1928,45201,48,5,19,2.59,No,25,41,5,245
546,Manufacturing,West,Implementation,Premium,83276,13112,111413,19,782,46069,18,1,4,1.31,Yes,0,48,5,76
547,Manufacturing,North,Consulting,Basic,151968,46235,315719,51,1885,36370,42,2,22,2.49,No,9,3,1,337
548,Healthcare,North,Implementation,Premium,463089,23931,393720,50,878,135342,28,9,22,3.76,Yes,28,63,3,53
549,Retail,West,Consulting,Standard,325194,32340,332448,131,697,152658,49,8,55,3.68,No,19,78,5,174
550,Healthcare,North,Implementation,Premium,116216,5336,470226,147,1514,191303,1,8,37,1.64,Yes,9,50,9,118
551,IT,North,Consulting,Basic,265516,47933,187039,19,1523,135758,8,4,39,1.03,Yes,9,71,1,203
552,Healthcare,South,Consulting,Basic,396184,24363,240074,111,1055,146394,16,2,34,4.01,No,26,59,8,93
553,Healthcare,South,Implementation,Standard,71644,8968,191562,197,855,75294,45,1,33,1.43,Yes,23,86,1,148
554,Manufacturing,West,Support,Standard,112021,38678,63729,137,1952,89468,35,7,44,1.33,Yes,1,78,9,252
555,Manufacturing,South,Implementation,Premium,218197,21279,407360,188,1540,170371,16,5,42,1.01,No,28,30,6,185
556,Manufacturing,South,Consulting,Premium,92291,8129,318360,158,1138,100715,48,9,40,2.73,Yes,27,71,1,207
557,IT,North,Support,Basic,478276,43215,419014,145,878,80793,11,6,33,3.01,Yes,26,57,8,349
558,Manufacturing,East,Implementation,Standard,444754,43897,81398,101,1179,187573,19,0,12,3.55,No,7,81,5,85
559,Retail,South,Implementation,Standard,479392,10850,356794,122,1005,198206,49,0,2,2.18,Yes,0,3,7,88
560,Finance,East,Implementation,Standard,353664,25588,325303,87,1398,121672,2,9,59,3.84,No,0,21,7,249
561,Retail,South,Support,Premium,75675,45214,420306,94,575,150849,42,1,28,1.68,Yes,3,2,7,214
562,Retail,South,Consulting,Standard,199359,16949,515982,39,730,152321,49,9,10,4.33,No,6,78,6,76
563,Manufacturing,West,Implementation,Basic,312318,13519,285959,58,1461,130902,3,2,22,3.29,No,8,46,8,131
564,Finance,West,Implementation,Basic,142268,31375,470281,18,1771,31390,16,0,17,3.34,Yes,15,37,9,73
565,Finance,West,Implementation,Premium,347142,38082,499727,154,801,30369,49,4,26,1.84,No,4,32,2,44
566,Finance,East,Implementation,Premium,234384,16737,578490,78,1225,153953,36,2,3,1.3,Yes,1,77,7,265
567,IT,North,Implementation,Standard,455328,6134,523092,67,714,19587,45,0,7,2.86,Yes,27,47,2,80
568,Manufacturing,South,Consulting,Premium,155410,15938,94924,194,1681,117009,41,7,44,3.46,No,22,64,6,338
569,Finance,South,Consulting,Basic,387369,29486,272792,71,568,148905,14,5,8,1.38,Yes,10,25,2,63
570,IT,South,Implementation,Standard,356958,31096,493950,61,892,57013,32,8,20,4.8,Yes,17,7,6,153
571,Healthcare,East,Support,Basic,397235,46115,62159,198,1608,127341,15,2,12,4.92,No,24,49,2,106
572,Healthcare,West,Consulting,Standard,362863,10592,530192,49,766,137785,10,8,35,3.18,Yes,24,79,1,152
573,IT,North,Support,Premium,179887,23108,598966,175,1592,156826,19,8,17,4.8,Yes,18,37,7,234
574,IT,East,Consulting,Standard,346063,22270,500420,180,1110,117584,37,0,28,1.72,No,12,9,3,257
575,Manufacturing,West,Implementation,Standard,385299,32649,465237,72,1870,88113,23,2,41,1.1,Yes,23,41,4,99
576,Manufacturing,East,Consulting,Basic,383713,15997,214536,156,1508,96784,15,5,10,1.16,Yes,10,36,6,259
577,Healthcare,North,Implementation,Basic,353472,38489,483448,59,1461,45282,29,7,22,3.35,No,19,25,5,50
578,Finance,West,Consulting,Standard,251554,14104,561233,170,1227,177809,33,3,38,1.25,Yes,18,11,4,137
579,Healthcare,East,Implementation,Premium,336762,5870,300970,150,1172,34124,0,4,57,4.83,Yes,16,83,9,270
580,Finance,North,Implementation,Premium,84675,33684,60901,87,922,80102,23,8,33,1.57,No,4,48,6,280
581,Finance,South,Implementation,Basic,331063,44519,147980,106,1697,143268,23,5,22,2.22,Yes,12,13,6,164
582,Manufacturing,North,Implementation,Premium,316317,39524,429738,199,614,71527,8,6,44,4.29,Yes,29,45,2,119
583,Retail,South,Support,Basic,421513,35957,536813,52,719,140371,21,6,37,1.87,No,26,34,6,108
584,Retail,East,Implementation,Premium,338544,38885,352007,186,530,140942,11,3,13,1.97,No,19,28,7,206
585,IT,West,Support,Standard,231517,49369,458838,45,1866,106651,16,3,27,3.57,Yes,0,11,8,327
586,Manufacturing,West,Support,Basic,120305,40596,575956,131,1900,95395,24,3,15,2.1,Yes,9,81,8,337
587,Finance,East,Implementation,Basic,218636,34866,536384,117,1653,21345,27,4,22,1.87,No,7,43,9,131
588,Retail,West,Support,Standard,489030,35676,547063,19,1116,134544,14,4,30,2.02,Yes,23,65,3,364
589,Finance,West,Consulting,Basic,138791,18878,311839,104,1038,44077,29,7,43,2.96,Yes,28,1,7,141
590,Retail,South,Implementation,Premium,209034,44760,381395,15,1238,140429,26,8,40,4.86,Yes,7,58,7,210
591,Retail,East,Support,Premium,120533,32559,447773,66,1525,22055,21,1,37,4.33,No,18,16,1,133
592,Retail,North,Implementation,Basic,237256,11771,82499,138,1370,113693,9,6,34,2.14,Yes,5,9,8,45
593,Manufacturing,South,Implementation,Premium,415735,21526,504844,80,600,95283,30,0,44,2.45,Yes,11,17,4,125
594,Healthcare,East,Implementation,Basic,191650,34896,457819,195,1581,54484,26,0,34,2.86,No,27,21,5,322
595,Finance,South,Support,Standard,181060,36923,546525,30,1912,87514,11,3,58,4.92,No,6,82,6,175
596,Manufacturing,North,Consulting,Basic,199696,41203,203704,101,1191,100135,45,9,48,1.69,No,15,57,3,331
597,Manufacturing,North,Consulting,Standard,351338,44390,151873,136,1440,45771,30,6,53,2.43,Yes,8,52,5,31
598,Manufacturing,East,Support,Premium,422047,17852,125756,89,840,198726,31,1,35,3.92,Yes,20,0,5,148
599,Manufacturing,North,Implementation,Standard,443605,48391,500210,65,1360,187612,31,1,42,4.86,No,24,87,1,123
600,Manufacturing,South,Support,Premium,411447,6848,254454,125,1543,120284,40,0,19,1.62,Yes,21,60,3,220
601,IT,North,Support,Basic,292188,36027,378488,157,1778,127399,44,9,8,1.91,Yes,9,88,3,32
602,Finance,South,Support,Premium,426047,40464,506991,191,1840,114885,34,1,39,1.9,Yes,9,30,1,140
603,Manufacturing,South,Implementation,Basic,379535,39485,460565,34,537,170449,45,6,33,1.08,Yes,9,30,7,206
604,Finance,North,Support,Basic,287501,24456,495840,165,1159,190645,20,8,44,3.42,No,19,65,1,286
605,IT,East,Implementation,Standard,457010,14259,181897,14,1909,183805,9,5,28,3.68,No,28,18,7,51
606,IT,West,Support,Standard,370146,40554,580082,129,1427,139344,15,9,37,3.41,Yes,15,52,4,249
607,Finance,North,Consulting,Standard,347675,18409,359488,30,1549,152832,6,1,48,1.29,No,0,75,9,202
608,Retail,South,Support,Standard,233887,8791,143791,27,953,123226,3,9,25,1.28,Yes,16,73,7,253
609,Healthcare,South,Support,Premium,54986,30864,192534,184,1846,109250,26,9,36,1.84,Yes,29,21,5,94
610,Retail,North,Consulting,Premium,344442,41639,141441,66,1236,35762,24,8,17,2.16,No,25,22,7,306
611,Retail,East,Implementation,Premium,313625,39574,297612,102,1318,192058,30,6,24,4.15,No,20,86,9,278
612,Retail,East,Implementation,Basic,368552,22888,493797,28,1272,175404,10,0,21,1.64,Yes,28,14,6,289
613,Manufacturing,South,Support,Premium,250339,24692,291444,137,512,181172,47,8,2,1.18,Yes,13,25,1,160
614,IT,South,Consulting,Premium,171950,28501,197263,106,1414,146016,19,1,31,2.58,Yes,18,2,6,142
615,Retail,East,Implementation,Premium,460051,18304,405578,140,1420,58825,35,3,44,2.67,Yes,20,86,1,315
616,IT,West,Support,Standard,175355,32527,107645,179,1324,23877,16,8,33,2.8,No,20,19,4,316
617,Finance,North,Consulting,Premium,77798,23074,299608,30,870,171062,44,3,30,4.31,No,16,39,8,240
618,Healthcare,South,Implementation,Basic,141649,20549,576369,49,1814,139065,10,2,12,1.39,Yes,13,38,5,49
619,Finance,South,Implementation,Standard,377031,34963,409115,76,831,118443,29,0,44,3.82,Yes,7,71,5,244
620,Finance,East,Consulting,Basic,69477,30920,162780,162,760,109612,34,6,12,2.35,No,20,17,8,339
621,Manufacturing,North,Consulting,Premium,460482,35826,483240,136,1728,127674,40,5,51,2.24,Yes,20,40,8,280
622,Healthcare,East,Consulting,Standard,267400,41071,502846,64,1196,125074,37,9,57,4.73,No,8,69,1,300
623,Finance,North,Consulting,Basic,267060,21061,60515,189,1186,196355,21,3,49,1.99,Yes,7,26,5,209
624,Finance,North,Support,Premium,439959,33810,368360,181,1449,144330,42,5,52,3.57,No,12,14,5,223
625,Healthcare,North,Consulting,Basic,486742,27800,393977,118,886,41629,47,5,24,2.1,Yes,16,36,8,342
626,Healthcare,South,Implementation,Basic,439570,48423,568175,107,1320,178651,26,3,24,3.03,Yes,18,57,1,108
627,Finance,West,Implementation,Basic,455105,46692,133870,193,967,164030,36,5,58,4.15,Yes,27,4,7,209
628,Healthcare,East,Support,Premium,336479,14940,197080,192,1938,180537,45,9,11,4.53,No,6,72,7,192
629,Finance,West,Implementation,Premium,454470,8924,156502,121,568,25775,48,7,13,4.35,No,16,6,9,231
630,Finance,East,Implementation,Basic,398754,33054,492206,124,1995,175279,34,2,27,3.33,Yes,0,40,2,43
631,Manufacturing,North,Consulting,Standard,323586,14783,538977,126,1627,163625,3,3,8,2,Yes,4,83,3,275
632,Retail,South,Implementation,Standard,358433,42253,488556,96,1684,194704,15,9,10,3.64,Yes,24,9,4,43
633,Finance,West,Support,Premium,365891,18233,589321,90,699,10055,15,0,8,3.84,Yes,5,61,1,128
634,IT,South,Consulting,Premium,349471,29484,395468,75,715,98697,20,3,20,1.04,No,25,25,7,62
635,Retail,East,Consulting,Premium,459415,30068,540350,28,711,173945,25,9,8,2.76,No,1,67,3,286
636,Retail,South,Support,Premium,384971,5191,556232,144,1007,111505,35,9,9,4.37,No,26,23,3,63
637,Retail,South,Consulting,Premium,156464,30074,548455,127,515,90720,18,8,7,2.96,Yes,24,77,3,48
638,Manufacturing,West,Consulting,Standard,181184,9917,322210,51,1383,88199,16,7,14,2.25,Yes,15,40,8,181
639,Finance,North,Support,Premium,137051,43599,591821,51,831,166390,44,3,28,4.49,No,21,64,9,289
640,Manufacturing,South,Consulting,Basic,200653,30832,437972,68,1216,43734,25,6,2,1.62,Yes,4,16,2,193
641,Finance,North,Support,Basic,295300,47928,310231,29,1050,159594,21,9,57,1.83,No,4,23,1,106
642,Manufacturing,East,Support,Standard,109722,25706,72940,82,1441,152728,27,2,43,3.75,No,11,26,9,343
643,Manufacturing,South,Implementation,Basic,142036,18682,440171,26,755,156965,0,8,8,2.41,No,2,6,6,166
644,IT,West,Implementation,Standard,278634,31762,286377,36,1491,26493,43,9,13,3.85,No,29,72,9,237
645,Manufacturing,East,Consulting,Standard,197595,28383,510043,184,1227,144704,35,3,21,1.63,Yes,15,11,6,271
646,Healthcare,East,Consulting,Basic,379104,32796,84648,11,1379,105872,42,1,47,2.01,No,5,84,2,96
647,IT,West,Support,Premium,298709,28666,92966,72,1314,71779,36,9,28,1.63,Yes,14,2,1,145
648,Manufacturing,South,Consulting,Basic,331696,30662,480993,71,1695,179524,1,4,35,4.81,No,14,78,8,231
649,Retail,South,Support,Basic,191880,39642,315733,109,1148,154338,16,1,23,2.62,No,28,84,3,279
650,Healthcare,East,Support,Standard,285419,46830,223639,28,1499,131187,39,9,46,2.35,No,15,9,1,307
651,Healthcare,South,Consulting,Basic,204692,42531,306331,26,970,126603,37,5,15,1.06,No,19,32,8,141
652,Healthcare,North,Support,Standard,313031,15234,102598,78,1907,71607,20,9,2,1.61,Yes,12,45,1,360
653,IT,West,Implementation,Premium,343946,14221,250271,176,1189,26940,8,0,51,2.68,Yes,11,58,8,263
654,Manufacturing,North,Consulting,Premium,135024,16410,467014,126,1199,165075,12,5,12,1.27,Yes,9,51,1,205
655,Manufacturing,South,Implementation,Premium,295809,19519,308004,90,1006,137880,10,3,57,3.04,Yes,13,5,9,172
656,Retail,East,Consulting,Basic,168639,6051,77118,48,1491,108408,15,2,52,2.82,No,1,1,9,61
657,Retail,West,Support,Standard,430392,49993,82616,45,1509,44815,15,1,36,4.07,Yes,28,28,9,210
658,Healthcare,South,Consulting,Premium,131938,14765,191870,177,1303,171941,1,6,3,3.64,Yes,2,39,3,96
659,Retail,South,Implementation,Standard,267813,16382,329745,182,1330,59297,41,8,5,2.78,No,8,60,4,33
660,IT,East,Support,Standard,302100,17580,62795,141,1848,70107,43,2,3,1.9,Yes,10,67,5,315
661,Manufacturing,East,Consulting,Premium,434890,37323,157462,162,713,92793,7,5,57,3.91,Yes,10,67,6,298
662,Healthcare,North,Consulting,Premium,338193,49757,498480,167,1731,157754,42,8,47,3.83,Yes,24,28,9,265
663,Retail,West,Consulting,Standard,389933,16939,425036,38,668,29622,41,1,19,1.61,Yes,21,61,4,306
664,IT,West,Implementation,Premium,134526,34964,394977,60,1853,40408,12,6,2,4.66,No,9,59,6,70
665,IT,East,Implementation,Standard,451062,5307,582904,161,1803,149909,16,4,44,1.26,No,25,83,1,150
666,Retail,North,Consulting,Standard,96220,8359,325228,23,1477,156479,38,4,37,1.22,Yes,13,40,2,304
667,Manufacturing,West,Support,Premium,358307,34648,529862,78,1828,170381,23,6,54,1.75,No,8,86,8,260
668,Retail,East,Support,Basic,446981,40944,192201,155,645,103190,2,8,17,4.64,Yes,19,81,4,333
669,Healthcare,South,Implementation,Premium,429270,39019,219094,179,1015,159967,29,3,14,3.08,Yes,26,88,7,115
670,Retail,West,Support,Basic,393630,43134,323749,66,1613,10370,12,8,28,4.15,Yes,20,64,4,92
671,IT,North,Implementation,Standard,488486,32323,137506,21,952,124212,18,9,27,1.91,No,9,63,9,221
672,Retail,North,Consulting,Standard,125277,11226,104130,26,559,10486,6,8,54,2.96,No,21,78,9,322
673,Manufacturing,North,Implementation,Basic,416389,26689,223402,39,1834,33762,8,3,10,2.43,No,28,62,4,60
674,Finance,South,Implementation,Standard,172332,35971,206259,97,1027,36613,18,2,3,4.31,No,8,47,8,359
675,Retail,West,Consulting,Basic,284231,30954,479007,108,1750,13196,44,1,36,1.09,No,28,19,6,175
676,Manufacturing,West,Support,Basic,72931,29423,412580,32,1523,110565,39,8,38,1.98,No,4,36,1,136
677,Manufacturing,South,Implementation,Standard,139116,35391,261682,138,973,86349,21,1,56,1.61,Yes,7,63,7,139
678,IT,West,Implementation,Basic,301671,19330,434485,88,1256,74839,17,5,25,4.44,No,10,85,1,305
679,Manufacturing,South,Consulting,Premium,367777,9891,283034,41,1281,182988,22,4,22,2.87,Yes,0,4,3,239
680,Manufacturing,South,Support,Premium,101913,9992,569394,18,1602,18572,1,4,48,2.62,Yes,20,33,8,168
681,Manufacturing,South,Implementation,Standard,300216,6961,343007,24,932,169297,49,3,39,2.8,No,9,38,9,115
682,Manufacturing,North,Consulting,Standard,144776,17497,373559,165,1676,55853,49,5,47,4.89,Yes,0,66,3,73
683,Healthcare,West,Implementation,Basic,75991,37551,128968,161,900,190462,10,4,30,4.4,Yes,25,80,1,111
684,Healthcare,South,Consulting,Basic,235917,15848,553891,197,1802,173347,30,3,21,3.83,Yes,29,61,1,93
685,IT,West,Support,Basic,154092,18255,310072,172,556,82379,32,8,30,2.16,No,21,87,7,350
686,Retail,North,Support,Basic,279577,9567,61515,36,1502,142177,13,5,28,1.66,No,6,23,5,84
687,Manufacturing,South,Support,Premium,236384,44281,157206,118,685,126074,15,9,31,4.69,Yes,27,2,1,103
688,Retail,East,Support,Premium,453777,25389,305282,85,897,53209,10,9,57,2.69,No,13,70,6,158
689,Retail,North,Implementation,Standard,460117,49523,467821,157,1104,183559,32,9,52,2.12,Yes,4,88,6,285
690,IT,East,Implementation,Basic,287113,48919,65586,74,1287,159123,6,2,26,2.88,No,16,66,4,260
691,Manufacturing,West,Support,Basic,145556,21567,445134,186,657,104244,30,9,43,4.67,Yes,21,78,7,166
692,Manufacturing,West,Support,Standard,375019,8358,409173,118,1882,110300,47,5,22,2.55,Yes,25,49,7,141
693,Finance,North,Support,Basic,206989,27999,80039,138,1963,124682,45,0,21,3.25,No,20,28,9,337
694,Retail,West,Implementation,Basic,374264,47358,266555,19,1088,67175,46,4,1,4.21,No,5,73,1,175
695,Retail,East,Support,Basic,445204,15988,551087,56,965,147921,13,9,37,2.71,No,15,31,5,62
696,Healthcare,South,Support,Basic,422185,45446,279730,132,945,111551,27,5,13,1.93,No,10,86,3,289
697,Finance,South,Support,Basic,178467,36521,61577,68,1300,28976,42,7,21,4.98,No,9,38,7,116
698,Healthcare,South,Consulting,Standard,457472,10698,167792,105,1596,140617,15,8,46,4.83,Yes,14,8,4,360
699,Healthcare,North,Support,Basic,430634,6273,298540,199,1428,109794,18,2,9,4.37,Yes,6,13,4,294
700,Healthcare,West,Consulting,Standard,268800,32543,288506,112,516,66866,16,1,17,3.75,Yes,22,67,1,349
701,IT,East,Consulting,Basic,176155,36349,70785,133,1230,127752,25,3,47,2.18,No,1,63,1,59
702,IT,West,Support,Premium,340374,16241,132227,95,825,57078,5,7,21,4.65,No,11,19,2,261
703,Healthcare,West,Consulting,Premium,109778,14497,470513,155,1494,41113,42,7,31,2.1,Yes,18,27,2,105
704,Finance,West,Support,Premium,95833,46875,307941,121,1112,25401,48,2,39,4.2,Yes,11,13,1,158
705,Retail,South,Implementation,Premium,334769,37703,210653,183,1045,153956,8,3,59,4.67,Yes,15,43,8,300
706,Finance,East,Implementation,Standard,82088,49041,377336,169,1095,178635,49,2,54,3.41,Yes,5,76,6,118
707,Manufacturing,East,Implementation,Standard,260722,36954,323606,36,1420,175486,16,9,22,4.21,No,2,38,6,199
708,IT,West,Implementation,Basic,484383,13002,450992,27,1341,157214,30,1,12,4.17,Yes,1,27,9,157
709,Retail,South,Consulting,Premium,416081,9247,398250,176,1725,81492,11,3,55,1.77,No,19,63,5,203
710,Retail,South,Support,Standard,246375,46988,370809,186,843,86693,22,5,6,3.67,Yes,4,88,4,55
711,Manufacturing,East,Support,Basic,126361,26698,403154,91,1358,45135,4,4,53,1.37,No,10,31,6,90
712,Manufacturing,South,Support,Basic,400373,24738,284737,181,1923,37862,42,2,16,3.03,No,25,8,8,96
713,Healthcare,South,Implementation,Standard,185189,15703,597674,81,1741,146262,35,1,26,1.65,No,24,27,1,55
714,IT,South,Implementation,Premium,140265,22570,446213,63,944,80199,35,8,5,2.67,No,2,16,7,112
715,IT,North,Support,Basic,147718,17392,114460,171,721,115366,2,0,9,4.33,Yes,2,86,8,89
716,Finance,West,Implementation,Premium,372854,49724,459437,80,1906,14331,23,8,46,4.95,Yes,21,76,9,68
717,Healthcare,East,Support,Premium,144876,37299,476690,173,1091,193258,16,0,40,2.27,Yes,4,54,8,152
718,Healthcare,East,Support,Premium,80949,20641,175375,155,1530,54648,38,6,14,3.13,No,21,9,7,321
719,Healthcare,North,Support,Basic,465763,18998,212117,47,1795,38549,25,5,44,3.05,Yes,22,79,3,306
720,Healthcare,West,Support,Premium,262954,11305,176582,196,1517,35761,3,6,42,4.82,Yes,10,5,2,333
721,IT,East,Support,Basic,380280,37726,558909,146,515,13262,44,2,30,2.91,Yes,2,47,3,311
722,IT,South,Support,Premium,161541,23782,112949,188,1947,192331,11,2,52,3.8,No,12,74,4,220
723,Healthcare,East,Support,Basic,245691,17721,523930,44,1023,82572,0,0,52,4.69,No,20,66,4,321
724,Finance,South,Implementation,Premium,111842,44763,155558,91,1302,194544,20,3,26,2.49,No,7,40,6,181
725,Retail,North,Support,Standard,282930,17427,468456,142,520,97858,18,1,53,4.61,Yes,19,78,7,262
726,Retail,South,Support,Premium,339134,25566,207646,151,727,94667,20,9,45,4.67,Yes,9,59,4,175
727,Finance,East,Implementation,Premium,197265,7230,526933,167,1507,14677,17,7,29,4.72,Yes,1,76,6,300
728,Healthcare,East,Implementation,Basic,342253,11511,564515,13,1811,140334,42,2,19,2.08,No,3,41,9,364
729,IT,East,Implementation,Basic,180356,47229,131916,176,1308,111437,2,6,47,2.6,Yes,17,80,6,163
730,Retail,North,Support,Premium,462449,31177,319590,162,1657,191689,48,6,8,4.48,No,18,70,3,200
731,Manufacturing,North,Consulting,Standard,294629,9765,134694,165,1806,159667,43,8,23,2.44,No,3,27,1,57
732,Manufacturing,West,Consulting,Standard,262802,25354,473867,159,903,70148,31,5,53,3.4,No,19,12,5,165
733,Finance,East,Implementation,Basic,440277,28929,342152,168,1589,56926,9,0,42,1.47,No,25,80,3,270
734,Healthcare,South,Consulting,Standard,215582,33820,130474,32,936,85271,39,7,35,1.23,Yes,8,14,8,257
735,Retail,North,Implementation,Premium,313450,34523,410068,57,1328,44457,14,0,31,2.65,Yes,15,35,1,316
736,Healthcare,East,Support,Basic,53849,10552,322048,157,1433,52531,4,2,53,3.32,No,25,14,2,332
737,Retail,East,Consulting,Premium,62360,5627,114970,134,758,138027,3,4,35,2.57,Yes,5,74,3,63
738,Finance,North,Support,Basic,423216,16989,338910,175,602,55771,27,7,32,3.31,No,24,55,3,31
739,Finance,West,Consulting,Basic,303279,18780,464911,64,1492,103135,3,8,58,3.06,Yes,3,3,8,224
740,Manufacturing,North,Support,Basic,144767,11589,471012,77,1268,76354,14,6,5,3.74,Yes,8,51,5,123
741,Healthcare,North,Consulting,Basic,311445,39812,233615,97,1624,122743,16,8,16,3.6,No,26,9,8,357
742,Manufacturing,South,Support,Standard,226872,33128,557666,10,1721,178361,43,2,17,2.7,No,12,44,6,337
743,Healthcare,South,Support,Premium,480179,43652,180494,144,1312,43892,2,4,32,2.7,No,8,83,2,164
744,Manufacturing,West,Consulting,Premium,104330,32790,593090,194,725,139662,9,9,38,1.56,No,5,28,4,233
745,IT,East,Support,Premium,101707,45953,231277,104,1442,105057,46,7,58,3.05,Yes,20,52,9,279
746,IT,North,Support,Basic,330833,5249,551966,149,962,48409,41,0,32,3.35,No,18,28,4,176
747,IT,West,Support,Standard,79084,24309,356303,115,736,175542,22,7,52,2.91,Yes,13,22,5,283
748,IT,South,Consulting,Premium,90387,30901,71516,142,1549,159457,17,6,20,2.3,No,20,56,5,363
749,Retail,North,Consulting,Standard,386960,28576,372636,117,1644,164368,0,0,48,3.89,Yes,14,49,8,205
750,IT,East,Support,Basic,52642,36508,243163,187,1005,128566,34,9,56,1.3,No,2,20,6,154
751,Finance,South,Support,Premium,354281,14175,188023,51,1705,71716,30,9,2,4.66,Yes,4,42,7,280
752,Finance,South,Consulting,Standard,236633,30464,432339,111,1313,99152,43,5,20,1.08,Yes,20,9,6,160
753,Retail,South,Consulting,Basic,374404,21260,238838,133,1266,36382,0,0,47,4.85,Yes,17,75,5,79
754,IT,West,Support,Standard,196510,40440,331409,149,1133,86675,2,1,18,2.85,No,13,29,5,122
755,IT,East,Support,Premium,360586,34546,393134,112,1838,32419,2,4,1,2.65,No,15,50,3,339
756,IT,North,Support,Premium,415205,45047,554670,155,1490,91238,36,1,58,2.03,No,13,32,7,249
757,Manufacturing,West,Implementation,Basic,446210,46430,181635,83,1117,180363,18,9,29,1.04,No,8,17,5,363
758,Healthcare,West,Consulting,Basic,304511,6987,280935,117,772,22397,28,0,29,2.1,Yes,14,77,7,363
759,Manufacturing,West,Implementation,Basic,437988,30105,571566,131,731,67888,24,5,19,1.44,Yes,6,21,2,49
760,Healthcare,South,Consulting,Standard,411719,17948,113634,26,1943,45169,32,7,44,3.64,Yes,13,63,9,234
761,IT,East,Consulting,Standard,313957,18026,552503,80,1267,72182,35,7,40,2.28,No,5,20,8,120
762,IT,West,Consulting,Standard,405171,7773,278599,71,1965,102476,28,7,6,4.07,Yes,20,0,5,202
763,Manufacturing,North,Consulting,Basic,435633,14878,297919,50,995,52249,25,5,44,1.83,Yes,14,14,2,218
764,Manufacturing,East,Consulting,Premium,134381,47946,528668,128,1547,169413,3,2,39,4.6,No,19,35,6,341
765,Healthcare,North,Consulting,Premium,299880,15377,463359,171,1632,85603,48,0,50,3.09,No,7,46,8,31
766,Finance,East,Consulting,Standard,367420,12347,544607,54,1001,187216,13,1,54,1.46,Yes,1,53,7,197
767,Healthcare,North,Implementation,Standard,353387,38776,351568,67,524,89360,49,4,46,2.6,No,7,85,8,53
768,Manufacturing,South,Support,Premium,243984,8783,410988,188,1710,23444,26,9,8,1.83,No,0,31,4,97
769,Manufacturing,West,Support,Premium,110272,9298,101505,135,787,186719,32,4,24,1.8,No,25,57,3,223
770,Retail,North,Implementation,Standard,223123,9668,162478,171,837,133662,21,9,20,3.03,No,16,45,7,113
771,Manufacturing,East,Implementation,Standard,263808,25671,122699,53,1560,108843,47,0,54,3.69,Yes,18,53,2,236
772,Retail,West,Implementation,Premium,303091,39820,478680,24,636,20974,2,0,14,4.65,Yes,4,32,5,78
773,Finance,West,Implementation,Basic,377762,39484,214721,87,1007,122150,22,8,5,3.01,Yes,29,38,7,61
774,Healthcare,East,Consulting,Standard,314064,38078,196668,79,726,179455,20,1,41,4.86,Yes,21,22,1,346
775,Healthcare,North,Support,Premium,156121,25922,338518,187,819,104826,40,6,40,4.77,Yes,19,42,4,199
776,Retail,South,Consulting,Premium,126872,39028,325919,110,1415,107648,22,9,34,4.46,No,15,54,2,158
777,Healthcare,South,Support,Premium,393276,25316,445944,169,1705,144028,3,3,16,3,Yes,6,1,6,131
778,Manufacturing,North,Support,Premium,314237,16460,375783,12,585,149149,20,6,45,1.56,Yes,6,65,1,64
779,IT,West,Implementation,Basic,325049,21968,174010,95,1990,46490,36,7,7,1.87,No,17,37,7,336
780,Retail,West,Consulting,Premium,171759,35266,583472,83,1425,134713,42,4,16,3.59,No,17,28,3,228
781,Healthcare,West,Implementation,Standard,467567,35209,466884,60,552,65612,30,0,7,2.69,No,1,66,1,330
782,Retail,West,Consulting,Basic,343125,29000,319021,76,1359,110474,20,3,27,1.59,Yes,14,70,8,106
783,Retail,North,Support,Premium,386047,19011,207032,85,1366,46159,25,9,14,2.92,No,13,35,7,350
784,IT,West,Implementation,Basic,382965,7866,202429,102,1758,49710,40,2,14,1.07,No,17,28,2,43
785,Manufacturing,East,Implementation,Standard,421344,10898,517820,185,932,154878,34,9,44,3.94,No,28,36,7,160
786,Retail,West,Support,Premium,132289,23395,373940,154,1498,123096,37,4,33,1.29,Yes,8,86,3,267
787,Healthcare,South,Support,Standard,166506,44019,337948,16,599,117412,23,9,33,3.52,No,13,44,9,309
788,Finance,West,Support,Premium,128513,42707,219204,22,1489,104924,10,9,44,4.17,No,4,15,8,94
789,Retail,North,Implementation,Premium,463090,9006,341209,129,1098,16458,40,5,20,1.53,Yes,10,30,5,167
790,Retail,South,Consulting,Premium,232003,39393,165072,75,902,140993,28,1,53,3.07,No,7,33,7,298
791,IT,North,Implementation,Premium,450890,15956,149360,13,895,45524,46,6,47,4.12,Yes,4,49,3,257
792,Manufacturing,North,Consulting,Premium,362660,35663,122287,147,914,147925,2,2,36,2.04,Yes,28,64,1,230
793,Finance,South,Implementation,Basic,309480,11078,298009,97,1438,50477,0,0,7,1.65,No,10,81,1,171
794,Healthcare,North,Implementation,Premium,312043,34631,290881,26,1176,42222,18,9,32,2.35,Yes,4,61,2,129
795,Finance,North,Support,Premium,241758,35140,167357,61,962,28320,45,2,48,3.22,No,16,42,8,167
796,Healthcare,West,Consulting,Basic,381356,46691,501733,143,1040,104154,48,8,3,3.3,No,21,55,1,197
797,Manufacturing,East,Implementation,Basic,183498,8961,267440,78,1887,62243,21,9,39,1.52,No,3,14,5,128
798,Healthcare,North,Implementation,Basic,304024,34277,411300,146,1653,186687,13,5,29,2.83,No,14,47,9,340
799,IT,North,Support,Basic,180970,46574,219379,30,583,158424,48,5,24,2.07,Yes,18,48,9,348
800,IT,North,Support,Basic,140009,36417,258159,33,770,82833,13,3,22,4.37,No,21,80,2,356
801,IT,West,Consulting,Basic,249570,27484,254152,13,743,103476,43,7,6,2.25,No,1,43,7,95
802,IT,East,Implementation,Premium,473159,23103,126985,161,887,124560,15,4,48,4.35,No,23,9,1,364
803,Finance,South,Consulting,Premium,247467,34345,543178,196,713,144275,32,6,24,2.71,Yes,16,19,3,358
804,Manufacturing,West,Implementation,Standard,94816,44454,231349,12,1317,49267,12,8,40,3.91,Yes,11,69,6,76
805,Healthcare,West,Consulting,Premium,54138,6587,509813,77,1689,47941,37,4,23,3.04,No,24,7,9,260
806,Healthcare,East,Support,Premium,141176,47571,446486,110,558,92809,48,4,54,3.49,Yes,23,44,2,337
807,IT,East,Implementation,Basic,388089,26031,69637,177,1382,35368,11,3,38,2.58,Yes,16,33,7,175
808,IT,West,Consulting,Basic,316161,31212,476704,185,1342,87186,37,5,10,4.07,No,9,50,4,236
809,Retail,South,Support,Premium,322595,15350,557760,63,1423,40984,38,1,16,2.7,No,27,3,2,175
810,Manufacturing,West,Support,Standard,244028,23816,60215,44,622,183013,32,2,11,2.83,No,24,38,3,181
811,Finance,East,Consulting,Basic,406007,25288,427747,65,1936,193755,32,0,32,3.07,No,17,83,6,308
812,Healthcare,South,Implementation,Premium,322422,34432,83834,117,1662,10801,28,1,45,4.33,No,18,23,9,169
813,Retail,East,Implementation,Premium,271552,49222,356618,49,1752,116538,4,1,6,3.64,Yes,17,87,8,180
814,Retail,South,Support,Standard,93764,11837,332544,77,1797,122201,5,7,24,2.4,No,12,54,9,50
815,Healthcare,North,Implementation,Standard,173030,39217,594633,55,938,57965,30,7,33,3.68,No,13,25,4,283
816,Finance,East,Implementation,Basic,444350,25884,93896,87,1521,95269,15,1,53,3.57,No,23,24,4,93
817,Retail,East,Implementation,Standard,375087,10454,538646,150,1061,151041,30,5,51,4.72,No,15,35,9,247
818,Retail,West,Support,Premium,145667,14424,559387,164,617,45969,24,4,12,4.37,No,17,70,8,101
819,Manufacturing,East,Consulting,Premium,366462,41885,570269,15,1404,173521,47,2,56,3.59,Yes,25,73,2,191
820,Finance,East,Implementation,Standard,415567,46637,327727,26,894,101679,45,4,27,2.37,No,17,57,8,159
821,Retail,North,Support,Standard,416142,48618,573622,173,1375,166777,32,4,38,4.12,Yes,15,11,1,98
822,Finance,East,Support,Standard,110128,23412,131537,108,1983,38363,12,4,18,3.3,No,16,0,9,254
823,Healthcare,North,Consulting,Standard,269128,44613,457783,90,1434,171792,9,2,45,4.94,No,6,49,9,275
824,IT,North,Implementation,Basic,334013,25142,530455,11,1601,151044,23,2,39,1.99,No,11,24,8,97
825,Retail,North,Implementation,Standard,283540,42392,292117,86,1451,43351,9,3,55,1.32,Yes,1,79,5,136
826,Manufacturing,North,Consulting,Basic,55039,13848,393936,189,1935,121023,40,6,13,1.28,No,9,4,5,138
827,Healthcare,South,Consulting,Premium,202353,18136,453444,75,574,177217,30,1,53,3.56,No,4,82,3,357
828,Finance,West,Support,Standard,162935,5589,273286,61,794,97948,12,9,40,4.76,No,20,67,5,132
829,Healthcare,South,Support,Basic,60442,25908,510985,101,520,66235,2,3,30,1.01,No,2,5,4,170
830,Retail,East,Consulting,Standard,385932,11509,106032,180,1694,24855,49,3,53,3.9,No,18,25,1,94
831,Finance,South,Implementation,Premium,431873,45461,564910,31,1538,177241,33,0,49,3.63,No,12,54,9,163
832,IT,South,Support,Premium,339730,47222,355830,120,1734,187476,48,9,41,3.93,No,11,38,4,228
833,Healthcare,East,Support,Premium,103053,49476,294337,116,1059,160641,27,7,52,2.42,Yes,2,8,3,184
834,Retail,East,Implementation,Standard,231561,14968,232857,192,1609,135074,18,0,13,4.28,No,5,44,6,108
835,Manufacturing,East,Support,Standard,264176,7462,489763,76,1672,64437,22,7,34,1.18,No,13,13,1,279
836,Finance,South,Implementation,Basic,136346,14460,364962,197,871,189578,44,6,36,4.02,No,3,54,5,116
837,Healthcare,South,Implementation,Premium,379231,38783,394071,195,1317,166810,31,8,30,2.07,Yes,12,8,7,333
838,Healthcare,East,Implementation,Standard,455841,14275,401609,149,1674,147844,12,7,25,2.91,Yes,18,14,2,270
839,IT,West,Consulting,Premium,84397,33677,359477,78,1664,100410,32,4,2,4.29,No,17,36,9,117
840,IT,West,Consulting,Premium,370815,18269,186457,93,1592,29731,33,7,36,2.09,Yes,28,49,6,353
841,Manufacturing,North,Consulting,Basic,166214,5406,338720,112,1783,151203,32,9,18,1.74,No,2,83,2,201
842,Manufacturing,East,Implementation,Basic,379041,12384,179875,48,1345,76324,4,2,5,3.73,No,19,71,8,46
843,Retail,North,Implementation,Basic,207221,27553,526995,22,1020,195169,2,9,19,3.13,Yes,5,20,8,252
844,Retail,West,Consulting,Basic,448499,29366,374260,50,870,91720,6,6,42,3.06,No,15,56,1,323
845,Manufacturing,North,Support,Premium,450826,49036,577965,66,1942,106433,23,3,18,2.03,Yes,19,18,1,339
846,Manufacturing,East,Implementation,Basic,486542,22369,570472,190,600,12889,21,4,57,1.14,Yes,23,57,1,248
847,Finance,East,Support,Basic,327068,16795,289047,21,1160,19569,44,8,32,2.64,Yes,2,5,4,263
848,IT,East,Support,Basic,163143,9485,152850,22,1467,97193,22,6,21,1.43,No,11,3,4,277
849,Retail,South,Implementation,Basic,422397,46669,414835,129,742,95192,29,3,10,4.62,No,18,42,8,81
850,IT,North,Implementation,Premium,412441,7618,253946,106,1252,97154,17,5,37,1.17,No,18,41,1,44
851,IT,West,Support,Basic,313013,35143,530949,66,1011,118073,31,9,49,2.73,No,23,2,3,353
852,Manufacturing,West,Support,Premium,409232,34425,309200,49,1348,17612,6,6,22,1.21,No,3,0,1,141
853,Finance,West,Consulting,Standard,313158,27673,366606,127,1054,61644,32,9,13,1.38,No,0,54,9,213
854,Healthcare,South,Consulting,Premium,60103,14603,514598,89,1618,42069,4,8,55,3.64,No,1,14,9,36
855,Finance,South,Implementation,Premium,422461,44696,543410,137,725,91741,48,3,17,3.59,Yes,12,46,7,80
856,Finance,East,Consulting,Basic,476674,10368,495126,182,713,168403,27,9,9,1.13,No,29,84,8,343
857,IT,West,Consulting,Standard,132409,9621,264603,44,1217,65897,7,2,24,1,No,25,45,1,270
858,Finance,South,Consulting,Standard,73248,19719,169779,12,566,155006,14,7,44,1.32,No,28,57,5,274
859,Retail,East,Consulting,Standard,224588,34227,78557,129,895,151167,3,0,14,4.05,Yes,12,70,2,215
860,IT,West,Support,Standard,472277,48894,219132,14,1111,112544,33,8,46,3.34,Yes,29,80,1,316
861,Retail,North,Implementation,Premium,205242,12566,512082,20,1535,28706,4,0,8,1.15,Yes,1,82,3,121
862,Healthcare,East,Consulting,Standard,58024,17306,394248,135,1760,184588,32,1,55,2.95,No,29,38,7,135
863,IT,South,Support,Premium,284864,29042,537793,80,1269,113602,4,7,37,3.85,Yes,18,2,1,42
864,Healthcare,South,Support,Premium,398091,20086,204926,126,1922,44629,37,8,19,4.48,Yes,21,29,2,175
865,IT,East,Support,Premium,224875,22387,244054,193,906,187982,33,6,28,4.74,No,23,34,2,148
866,Manufacturing,East,Consulting,Standard,462512,32042,441325,147,1424,134746,25,2,46,2.31,No,15,56,4,232
867,Finance,South,Consulting,Basic,403973,28888,388910,115,1146,30431,0,6,41,1.54,No,11,28,3,170
868,Manufacturing,North,Implementation,Basic,404852,31514,215063,125,721,197805,3,5,30,1.95,Yes,0,49,3,144
869,Healthcare,West,Consulting,Standard,398808,23323,346610,171,1679,50088,38,1,7,4.1,No,8,61,5,181
870,Finance,North,Consulting,Basic,461473,23019,533656,76,1153,185207,25,2,59,4.89,No,16,51,3,86
871,IT,East,Support,Basic,193927,14890,86081,40,927,179087,32,9,58,2.87,No,9,13,7,186
872,Finance,North,Implementation,Premium,135178,45863,84354,84,1681,41385,32,9,26,2.22,No,17,34,5,339
873,Retail,South,Consulting,Premium,413265,15283,124384,80,1476,80199,7,4,40,2.72,No,18,27,4,162
874,Finance,East,Consulting,Standard,332169,23279,95525,75,1939,48677,19,9,46,2.22,No,6,57,3,192
875,Retail,West,Support,Standard,447674,27908,66464,79,1505,128104,15,3,54,2.03,Yes,24,29,4,304
876,Finance,South,Support,Basic,113610,42952,435572,50,1849,22818,20,1,46,3.38,No,18,89,2,212
877,Retail,South,Consulting,Premium,120843,40170,172564,169,870,73001,44,3,11,1.06,Yes,23,6,1,106
878,Healthcare,West,Implementation,Standard,157237,42663,430191,29,1867,165049,25,7,14,2.04,Yes,14,38,3,354
879,Manufacturing,West,Implementation,Standard,230903,49172,527435,194,1785,59832,22,4,21,3.65,No,8,68,2,73
880,IT,North,Support,Standard,224499,14343,254215,187,1806,50931,17,4,8,1.13,Yes,9,34,1,235
881,Finance,East,Support,Standard,180299,15637,325039,162,1349,93990,30,9,3,1.33,Yes,22,51,1,67
882,Manufacturing,West,Consulting,Standard,481722,39724,403003,149,1355,82204,41,2,28,2.17,Yes,19,13,2,347
883,IT,West,Support,Standard,55668,44791,164127,48,728,55784,11,7,29,4.51,No,19,62,9,51
884,IT,East,Consulting,Basic,272542,34134,156426,154,779,116305,0,5,23,4.06,Yes,3,35,5,102
885,Retail,West,Implementation,Premium,228267,8907,252376,54,1813,19921,41,1,18,1.09,Yes,5,23,9,270
886,Healthcare,West,Implementation,Premium,385377,38575,71962,148,1570,44959,8,1,35,3.01,Yes,3,39,8,183
887,Healthcare,North,Consulting,Standard,205489,9827,93302,79,1474,42328,2,8,13,2.1,Yes,4,28,6,266
888,Manufacturing,South,Support,Premium,394126,35607,407526,134,1737,149931,25,6,12,3.59,No,8,52,1,34
889,Healthcare,South,Implementation,Premium,156133,18699,64011,160,1257,99506,8,9,47,3.89,No,11,21,5,250
890,Finance,South,Support,Premium,322895,42292,79782,100,1547,84408,41,8,50,4.45,Yes,22,71,1,339
891,Healthcare,South,Implementation,Standard,358362,30883,258763,79,820,133852,15,5,5,2.9,No,7,14,7,115
892,Manufacturing,West,Consulting,Standard,438793,10313,492941,175,773,36708,23,4,39,4.98,No,20,68,8,206
893,Healthcare,East,Consulting,Premium,319496,18598,593484,139,1055,28847,49,0,11,4.92,Yes,4,63,8,288
894,Finance,East,Consulting,Premium,260124,33807,103459,93,1343,65989,13,5,58,4.53,No,28,3,7,249
895,Retail,North,Implementation,Standard,138835,9887,582829,98,1836,135383,2,5,59,3.3,No,10,74,2,67
896,Manufacturing,North,Support,Basic,147493,8854,423154,88,1886,14922,33,2,11,2.59,Yes,22,17,5,171
897,Retail,West,Support,Premium,341071,19536,92769,122,1167,62335,32,2,59,2.46,Yes,10,41,4,264
898,Retail,East,Support,Basic,222166,8558,429673,102,1499,136913,49,2,47,1.05,No,12,29,5,232
899,Retail,East,Implementation,Premium,151948,14772,84700,81,879,154613,23,2,42,2,No,13,14,9,358
900,IT,South,Implementation,Basic,235194,41343,291237,174,1210,29551,8,6,47,3.88,No,27,69,4,323
901,IT,West,Implementation,Basic,79493,40186,366024,58,1993,160453,12,9,31,3.41,No,7,54,8,201
902,Retail,West,Implementation,Basic,343851,41966,174003,61,1245,123319,1,1,31,4.67,Yes,24,52,8,154
903,Manufacturing,South,Implementation,Standard,249886,38769,199392,42,1174,65673,6,9,13,1.2,Yes,29,15,2,355
904,Finance,West,Support,Basic,188368,44887,109589,31,615,111531,47,9,14,1.62,Yes,17,72,6,94
905,Finance,West,Implementation,Basic,206470,24229,310606,123,1104,32948,20,1,49,4.16,Yes,18,33,5,310
906,Healthcare,North,Implementation,Basic,347986,14673,249637,142,1565,102264,18,2,45,2.43,Yes,11,26,2,301
907,Manufacturing,East,Support,Premium,63261,32877,273893,27,878,69072,24,9,42,1.47,No,11,12,4,273
908,IT,West,Implementation,Basic,126709,36601,130934,175,1729,77560,46,6,25,4.99,No,17,26,7,44
909,Retail,North,Support,Premium,145985,43084,327673,127,965,143558,21,2,33,4.15,Yes,9,72,1,255
910,Healthcare,East,Support,Basic,418760,21244,416742,126,779,76691,10,6,33,2.63,Yes,6,68,9,160
911,Finance,South,Consulting,Basic,499920,32356,142987,46,1117,151154,32,8,15,4.29,Yes,27,85,1,224
912,IT,North,Consulting,Standard,379317,21806,198009,73,617,112781,31,9,16,3.72,No,17,30,5,322
913,IT,North,Consulting,Premium,343925,28099,444096,147,1760,94105,20,3,44,4.16,No,11,2,7,238
914,Retail,East,Consulting,Basic,325796,49641,491322,88,808,17086,38,6,58,4.26,No,13,29,8,142
915,Finance,South,Implementation,Premium,317247,42034,170776,179,1979,137818,19,8,56,1.34,Yes,14,20,2,273
916,Manufacturing,North,Consulting,Premium,337644,45317,428444,132,1998,77853,7,7,38,3.49,Yes,15,5,4,195
917,IT,West,Support,Standard,296404,24094,173793,185,599,111925,41,7,6,1.03,Yes,1,31,2,220
918,Retail,West,Implementation,Standard,150336,15589,438422,53,760,80027,36,8,44,1.17,Yes,29,41,4,286
919,Manufacturing,West,Consulting,Standard,478745,6657,270809,91,1492,25916,8,4,25,4.62,Yes,29,61,6,356
920,Finance,South,Support,Standard,163499,37764,231616,96,1828,25248,24,4,15,3.11,No,17,88,6,247
921,IT,North,Implementation,Standard,199524,44531,425391,25,1877,34226,24,2,4,3.94,Yes,11,31,2,304
922,Manufacturing,West,Implementation,Standard,361537,8164,302262,63,785,166097,32,4,56,4.35,No,15,85,4,81
923,Manufacturing,South,Consulting,Standard,474390,32542,593285,111,827,58380,1,7,4,4.8,No,12,87,4,187
924,Manufacturing,West,Implementation,Standard,216508,23437,166102,172,1626,17848,18,4,30,4.48,No,19,38,1,84
925,IT,East,Support,Basic,359550,46247,438189,107,562,24274,45,3,34,2.93,No,16,63,2,43
926,IT,North,Implementation,Premium,375203,43505,325369,165,1186,64545,19,7,27,2.34,No,17,29,3,298
927,Healthcare,North,Support,Standard,197026,24601,582070,11,1805,106494,41,6,31,1.62,Yes,2,62,5,119
928,Finance,South,Implementation,Standard,394866,33430,167041,103,1964,125981,40,5,56,2.6,Yes,22,30,8,56
929,Retail,South,Consulting,Premium,300819,11009,434368,150,1816,176305,41,4,32,2.47,Yes,9,86,6,118
930,Manufacturing,North,Support,Basic,62356,9552,385800,178,1237,26304,28,4,44,3.24,No,0,39,3,70
931,Healthcare,West,Implementation,Premium,178128,14417,505096,68,1530,21294,5,9,39,3.66,No,5,32,6,333
932,Retail,West,Implementation,Premium,52187,46989,541862,78,1138,36425,16,1,52,4.91,No,2,62,7,297
933,Healthcare,East,Implementation,Standard,389387,7671,136290,128,1435,120777,24,3,9,3.91,No,18,24,6,167
934,IT,West,Support,Premium,347242,11519,116633,101,1615,150497,37,7,41,3.57,No,3,35,6,35
935,Manufacturing,South,Support,Premium,202297,41730,181118,190,1713,101549,3,7,8,2.34,No,28,23,1,271
936,Retail,South,Support,Standard,184678,17734,63114,54,975,103464,29,0,14,1.14,Yes,19,57,3,191
937,Retail,West,Consulting,Standard,369764,8722,109768,157,1985,186062,19,1,33,2.15,No,22,38,7,209
938,Retail,South,Consulting,Standard,476044,9906,370272,33,552,116748,2,4,23,4.07,No,2,45,4,326
939,Retail,North,Support,Standard,176270,35096,473244,198,1253,78295,22,8,21,1.82,Yes,7,76,4,35
940,Retail,North,Implementation,Premium,469705,45031,143123,100,985,26091,17,9,55,3.85,No,7,9,7,300
941,Healthcare,West,Consulting,Premium,326531,18699,226405,103,1887,129943,25,6,12,3.32,Yes,26,86,9,301
942,Manufacturing,North,Support,Basic,381607,26438,63174,67,1635,141074,35,9,57,1.69,Yes,28,81,2,185
943,IT,North,Implementation,Basic,292998,48856,177769,164,908,60411,7,4,2,2.05,Yes,6,31,9,114
944,IT,East,Consulting,Premium,445807,38576,357542,163,1530,182030,16,0,13,2.99,No,1,35,3,229
945,IT,East,Implementation,Basic,291503,46938,489145,137,1167,105696,30,5,59,2.67,Yes,20,27,6,39
946,IT,North,Implementation,Premium,491732,37247,195393,16,1720,161779,36,7,4,4.11,Yes,5,15,4,167
947,Healthcare,West,Implementation,Basic,403827,48461,445693,179,1334,156320,44,6,20,3.94,No,27,15,1,271
948,Finance,East,Implementation,Standard,112061,32938,246493,56,1375,81309,32,1,50,3.3,Yes,15,17,9,230
949,Manufacturing,South,Consulting,Basic,285497,45469,277070,62,866,192792,26,4,51,4.29,No,9,7,6,185
950,Retail,South,Consulting,Standard,131257,22600,459017,196,1501,156109,44,3,48,3.25,No,3,79,8,304
951,Finance,South,Consulting,Standard,111753,25435,469291,47,749,77421,3,8,59,4.86,Yes,12,74,2,254
952,IT,West,Support,Standard,396918,23581,555671,62,1763,50612,21,9,14,1.87,No,9,69,7,97
953,Finance,North,Consulting,Standard,454303,19191,429359,152,879,23450,25,0,30,3.86,No,20,0,6,213
954,Manufacturing,South,Implementation,Basic,474032,24190,210056,163,1371,19491,31,5,29,2.48,Yes,13,61,2,224
955,Retail,West,Consulting,Premium,73408,32386,203933,57,1334,127026,23,2,8,2.12,Yes,8,75,2,71
956,Retail,East,Implementation,Standard,174116,36721,158970,104,1994,84804,45,8,12,1.72,Yes,10,37,4,180
957,Manufacturing,North,Support,Basic,181208,18704,142203,156,1274,103293,34,4,41,3.21,Yes,22,44,4,113
958,Manufacturing,East,Implementation,Standard,67413,7123,252319,146,1418,129498,36,5,38,1.86,No,17,57,3,163
959,IT,West,Implementation,Basic,163650,30174,260173,73,954,147863,31,8,26,1.8,Yes,10,80,8,338
960,Retail,South,Implementation,Basic,109500,49301,561946,102,865,115475,6,8,50,4.96,Yes,16,0,7,327
961,Finance,South,Support,Basic,396658,19586,503833,191,1813,38314,32,7,2,4.21,Yes,1,31,2,59
962,Healthcare,West,Consulting,Premium,106358,36976,277726,134,902,61883,30,8,55,3.99,No,2,7,3,38
963,Healthcare,South,Consulting,Basic,116197,30416,152172,188,557,97086,11,3,40,4.18,No,10,39,9,199
964,Manufacturing,North,Support,Basic,273861,6814,198454,48,1020,111291,10,5,56,4.88,No,17,55,5,319
965,IT,West,Implementation,Premium,273492,18001,115739,13,1827,19967,23,4,14,3.29,No,26,62,2,197
966,Healthcare,East,Consulting,Premium,311545,21508,108639,135,1638,53220,7,4,6,1.88,No,2,87,3,174
967,Retail,West,Support,Basic,476070,24630,513054,12,709,146019,31,3,42,4.45,Yes,25,73,8,257
968,Manufacturing,North,Consulting,Premium,126240,18380,499257,73,1564,180491,37,1,40,3.97,No,14,73,4,335
969,Finance,North,Support,Standard,285595,40699,389801,38,1315,66131,21,5,31,2.66,No,10,35,2,105
970,Manufacturing,West,Implementation,Standard,271135,17317,242447,125,672,38876,33,8,17,2.89,No,10,88,2,252
971,Finance,West,Consulting,Premium,328466,40739,408586,20,733,111448,18,0,25,2.65,Yes,27,56,6,206
972,Manufacturing,South,Support,Premium,425197,39785,440069,106,1292,161043,19,6,32,4.72,Yes,29,73,8,218
973,Manufacturing,North,Consulting,Basic,56968,36980,64136,111,1292,59228,13,5,12,2.37,No,27,82,7,331
974,Manufacturing,West,Consulting,Premium,339662,28799,121868,195,1926,84495,32,2,49,4.85,Yes,24,44,4,75
975,Finance,West,Consulting,Basic,364069,40183,404407,164,1562,38261,9,0,13,4.64,No,19,78,2,46
976,Finance,North,Consulting,Standard,240920,34166,170957,30,618,116601,15,3,19,3.52,Yes,27,79,9,95
977,Manufacturing,West,Support,Premium,424044,24480,599767,48,834,71260,3,8,44,3.32,Yes,24,1,4,290
978,Healthcare,South,Implementation,Basic,405566,6609,179392,111,1859,144418,26,1,48,2.48,No,10,67,9,152
979,IT,North,Support,Basic,313844,5717,261528,55,1597,66176,27,2,25,1.07,Yes,18,49,5,260
980,IT,South,Support,Standard,405926,24945,294847,75,1714,62300,42,1,31,1.51,No,27,28,7,154
981,IT,South,Support,Premium,282076,30592,362039,100,823,152412,15,1,59,4.02,No,0,80,5,141
982,Finance,South,Implementation,Standard,73199,33141,325864,173,1510,43012,32,9,37,2.89,No,26,9,2,301
983,Finance,South,Consulting,Basic,487805,35009,341411,120,1670,176465,47,7,25,1.6,Yes,4,26,6,110
984,Healthcare,North,Consulting,Basic,213187,11782,206768,91,783,112153,18,2,16,2.06,Yes,9,14,7,275
985,IT,South,Consulting,Premium,235388,31536,375508,132,712,166629,20,6,57,4.79,No,9,59,6,357
986,IT,South,Implementation,Basic,55520,38816,476561,108,1428,83273,21,7,38,2.47,No,13,30,3,244
987,Manufacturing,West,Consulting,Premium,159814,30933,111567,44,1251,122328,8,2,43,4.63,Yes,1,20,8,264
988,Finance,North,Implementation,Standard,217527,16618,151229,168,1917,120304,8,1,49,2.22,No,3,59,3,111
989,IT,North,Consulting,Premium,296356,13307,472601,165,838,116637,8,7,58,3.17,Yes,1,57,5,323
990,Healthcare,East,Consulting,Premium,173364,31671,536874,112,1545,158348,26,2,23,1.08,Yes,17,40,9,339
991,Healthcare,North,Support,Basic,484821,45673,259316,138,604,64639,16,6,14,3.09,Yes,12,45,5,105
992,IT,North,Implementation,Basic,64955,47761,223991,34,1989,131939,43,0,6,3.55,No,18,44,7,44
993,Finance,East,Support,Premium,225121,15338,532617,52,1982,17310,44,5,25,1.94,No,4,25,7,249
994,Healthcare,North,Support,Basic,194989,43346,93324,93,1955,176239,7,8,23,3.32,Yes,19,50,5,259
995,Manufacturing,North,Support,Basic,300144,11548,454768,60,1269,112944,15,2,43,3.59,No,1,35,2,294
996,Healthcare,North,Implementation,Basic,114925,45149,111272,139,1215,151463,17,6,12,3.75,No,10,51,5,293
997,Retail,North,Implementation,Premium,419360,26164,489069,135,1262,132013,32,5,13,4.11,Yes,29,80,7,139
998,Retail,East,Consulting,Basic,120269,32526,309264,78,1744,191693,0,7,36,2.25,Yes,29,50,7,336
999,Finance,North,Support,Premium,474170,36222,296538,18,878,151964,11,2,39,3.27,No,25,2,4,229
1000,IT,North,Consulting,Basic,353602,25176,575447,11,1745,86733,5,2,34,4.93,Yes,17,13,1,255
